date	value
2014-08-31	10000.0
2014-09-01	10001.78
2014-09-02	10001.38
2014-09-03	9980.24
2014-09-04	10012.37
2014-09-05	10009.1
2014-09-06	10009.1
2014-09-07	10009.1
2014-09-08	10010.57
2014-09-09	10013.42
2014-09-10	10011.53
2014-09-11	10005.53
2014-09-12	9998.07
2014-09-13	9998.07
2014-09-14	9998.07
2014-09-15	9994.07
2014-09-16	9999.36
2014-09-17	9999.07
2014-09-18	9998.23
2014-09-19	10013.27
2014-09-20	10013.27
2014-09-21	10013.27
2014-09-22	10018.44
2014-09-23	10015.79
2014-09-24	10015.09
2014-09-25	10011.59
2014-09-26	10007.34
2014-09-27	10007.34
2014-09-28	10007.34
2014-09-29	10009.58
2014-09-30	10010.21
2014-10-01	10009.95
2014-10-02	10006.81
2014-10-03	10003.97
2014-10-04	10003.97
2014-10-05	10003.97
2014-10-06	10015.05
2014-10-07	10014.99
2014-10-08	10014.82
2014-10-09	10005.87
2014-10-10	10006.41
2014-10-11	10006.41
2014-10-12	10006.41
2014-10-13	10009.44
2014-10-14	9990.1
2014-10-15	10001.4
2014-10-16	9974.85
2014-10-17	9975.83
2014-10-18	9975.83
2014-10-19	9975.83
2014-10-20	9988.68
2014-10-21	9984.53
2014-10-22	9983.42
2014-10-23	9993.93
2014-10-24	9991.62
2014-10-25	9991.62
2014-10-26	9991.62
2014-10-27	9994.88
2014-10-28	9994.41
2014-10-29	9989.99
2014-10-30	10003.23
2014-10-31	9999.73
2014-11-01	9999.73
2014-11-02	9999.73
2014-11-03	10003.98
2014-11-04	10004.68
2014-11-05	10006.1
2014-11-06	9999.9
2014-11-07	9998.03
2014-11-08	9998.03
2014-11-09	9998.03
2014-11-10	10001.33
2014-11-11	9999.52
2014-11-12	10005.56
2014-11-13	9992.9
2014-11-14	9992.6
2014-11-15	9992.6
2014-11-16	9992.6
2014-11-17	9988.57
2014-11-18	9987.94
2014-11-19	9982.15
2014-11-20	9975.02
2014-11-21	9978.48
2014-11-22	9978.48
2014-11-23	9978.48
2014-11-24	9988.54
2014-11-25	9990.52
2014-11-26	9997.11
2014-11-27	9996.02
2014-11-28	9996.22
2014-11-29	9996.22
2014-11-30	9996.22
2014-12-01	10020.7
2014-12-02	10019.53
2014-12-03	9993.89
2014-12-04	9990.4
2014-12-05	10004.64
2014-12-06	10004.64
2014-12-07	10004.64
2014-12-08	10005.77
2014-12-09	9996.26
2014-12-10	10004.77
2014-12-11	10018.38
2014-12-12	10013.09
2014-12-13	10013.09
2014-12-14	10013.09
2014-12-15	10035.51
2014-12-16	10019.71
2014-12-17	10027.47
2014-12-18	10005.15
2014-12-19	9997.71
2014-12-20	9997.71
2014-12-21	9997.71
2014-12-22	10012.54
2014-12-23	10017.62
2014-12-24	9993.75
2014-12-25	9994.34
2014-12-26	9994.93
2014-12-27	9994.93
2014-12-28	9994.93
2014-12-29	9996.67
2014-12-30	9997.46
2014-12-31	9998.09
2015-01-01	9998.68
2015-01-02	10014.06
2015-01-03	10014.06
2015-01-04	10014.06
2015-01-05	10023.38
2015-01-06	10023.48
2015-01-07	10025.73
2015-01-08	10014.32
2015-01-09	10016.72
2015-01-10	10016.72
2015-01-11	10016.72
2015-01-12	10021.12
2015-01-13	10015.83
2015-01-14	10006.9
2015-01-15	10000.69
2015-01-16	10018.38
2015-01-17	10018.38
2015-01-18	10018.38
2015-01-19	10004.75
2015-01-20	10004.13
2015-01-21	10016.16
2015-01-22	10012.8
2015-01-23	10027.93
2015-01-24	10027.93
2015-01-25	10027.93
2015-01-26	10029.67
2015-01-27	10037.41
2015-01-28	10036.12
2015-01-29	10036.92
2015-01-30	10041.64
2015-01-31	10041.64
2015-02-01	10041.64
2015-02-02	10051.71
2015-02-03	10046.03
2015-02-04	10051.25
2015-02-05	10063.54
2015-02-06	10056.81
2015-02-07	10056.81
2015-02-08	10056.81
2015-02-09	10065.29
2015-02-10	10068.79
2015-02-11	10076.36
2015-02-12	10072.01
2015-02-13	10080.96
2015-02-14	10080.96
2015-02-15	10080.96
2015-02-16	10075.98
2015-02-17	10076.25
2015-02-18	10089.2
2015-02-19	10085.09
2015-02-20	10094.46
2015-02-21	10094.46
2015-02-22	10094.46
2015-02-23	10105.16
2015-02-24	10101.18
2015-02-25	10101.59
2015-02-26	10104.82
2015-02-27	10103.82
2015-02-28	10103.82
2015-03-01	10103.82
2015-03-02	10107.85
2015-03-03	10110.64
2015-03-04	10111.07
2015-03-05	10108.5
2015-03-06	10107.77
2015-03-07	10107.77
2015-03-08	10107.77
2015-03-09	10109.42
2015-03-10	10112.82
2015-03-11	10112.8
2015-03-12	10114.51
2015-03-13	10104.04
2015-03-14	10104.04
2015-03-15	10104.04
2015-03-16	10098.69
2015-03-17	10106.24
2015-03-18	10097.43
2015-03-19	10100.16
2015-03-20	10099.17
2015-03-21	10099.17
2015-03-22	10099.17
2015-03-23	10097.48
2015-03-24	10099.64
2015-03-25	10100.67
2015-03-26	10097.0
2015-03-27	10099.13
2015-03-28	10099.13
2015-03-29	10099.13
2015-03-30	10092.5
2015-03-31	10105.2
2015-04-01	10106.92
2015-04-02	10110.03
2015-04-03	10110.52
2015-04-04	10110.52
2015-04-05	10110.52
2015-04-06	10111.97
2015-04-07	10111.13
2015-04-08	10118.95
2015-04-09	10115.68
2015-04-10	10119.94
2015-04-11	10119.94
2015-04-12	10119.94
2015-04-13	10126.43
2015-04-14	10131.52
2015-04-15	10127.51
2015-04-16	10130.55
2015-04-17	10123.27
2015-04-18	10123.27
2015-04-19	10123.27
2015-04-20	10127.8
2015-04-21	10133.56
2015-04-22	10134.98
2015-04-23	10135.15
2015-04-24	10135.45
2015-04-25	10135.45
2015-04-26	10135.45
2015-04-27	10137.86
2015-04-28	10137.21
2015-04-29	10124.93
2015-04-30	10121.51
2015-05-01	10126.51
2015-05-02	10126.51
2015-05-03	10126.51
2015-05-04	10131.04
2015-05-05	10128.22
2015-05-06	10129.1
2015-05-07	10127.52
2015-05-08	10130.16
2015-05-09	10130.16
2015-05-10	10130.16
2015-05-11	10133.13
2015-05-12	10129.68
2015-05-13	10128.04
2015-05-14	10126.23
2015-05-15	10129.1
2015-05-16	10129.1
2015-05-17	10129.1
2015-05-18	10132.87
2015-05-19	10133.16
2015-05-20	10129.17
2015-05-21	10129.67
2015-05-22	10123.79
2015-05-23	10123.79
2015-05-24	10123.79
2015-05-25	10133.61
2015-05-26	10135.14
2015-05-27	10128.37
2015-05-28	10131.13
2015-05-29	10124.27
2015-05-30	10124.27
2015-05-31	10124.27
2015-06-01	10122.46
2015-06-02	10129.09
2015-06-03	10124.98
2015-06-04	10131.65
2015-06-05	10129.45
2015-06-06	10129.45
2015-06-07	10129.45
2015-06-08	10130.83
2015-06-09	10135.69
2015-06-10	10126.97
2015-06-11	10126.83
2015-06-12	10126.46
2015-06-13	10126.46
2015-06-14	10126.46
2015-06-15	10129.5
2015-06-16	10121.53
2015-06-17	10122.0
2015-06-18	10114.58
2015-06-19	10115.13
2015-06-20	10115.13
2015-06-21	10115.13
2015-06-22	10114.48
2015-06-23	10112.56
2015-06-24	10116.27
2015-06-25	10112.88
2015-06-26	10108.62
2015-06-27	10108.62
2015-06-28	10108.62
2015-06-29	10112.77
2015-06-30	10099.21
2015-07-01	10100.21
2015-07-02	10113.68
2015-07-03	10112.93
2015-07-04	10112.93
2015-07-05	10112.93
2015-07-06	10116.25
2015-07-07	10105.0
2015-07-08	10102.67
2015-07-09	10107.91
2015-07-10	10100.47
2015-07-11	10100.47
2015-07-12	10100.47
2015-07-13	10112.66
2015-07-14	10103.41
2015-07-15	10104.39
2015-07-16	10102.46
2015-07-17	10105.78
2015-07-18	10105.78
2015-07-19	10105.78
2015-07-20	10108.0
2015-07-21	10106.17
2015-07-22	10109.85
2015-07-23	10103.5
2015-07-24	10105.64
2015-07-25	10105.64
2015-07-26	10105.64
2015-07-27	10102.02
2015-07-28	10098.64
2015-07-29	10095.43
2015-07-30	10095.85
2015-07-31	10099.4
2015-08-01	10099.4
2015-08-02	10099.4
2015-08-03	10099.31
2015-08-04	10096.8
2015-08-05	10093.62
2015-08-06	10079.39
2015-08-07	10092.83
2015-08-08	10092.83
2015-08-09	10092.83
2015-08-10	10092.4
2015-08-11	10088.23
2015-08-12	10083.15
2015-08-13	10078.14
2015-08-14	10082.36
2015-08-15	10082.36
2015-08-16	10082.36
2015-08-17	10075.9
2015-08-18	10076.06
2015-08-19	10080.37
2015-08-20	10072.04
2015-08-21	10072.09
2015-08-22	10072.09
2015-08-23	10072.09
2015-08-24	10070.29
2015-08-25	10054.28
2015-08-26	10074.08
2015-08-27	10055.63
2015-08-28	10063.39
2015-08-29	10063.39
2015-08-30	10063.39
2015-08-31	10070.86
2015-09-01	10073.4
2015-09-02	10079.08
2015-09-03	10083.22
2015-09-04	10086.52
2015-09-05	10086.52
2015-09-06	10086.52
2015-09-07	10087.64
2015-09-08	10088.65
2015-09-09	10097.0
2015-09-10	10091.32
2015-09-11	10090.79
2015-09-12	10090.79
2015-09-13	10090.79
2015-09-14	10084.83
2015-09-15	10084.62
2015-09-16	10090.84
2015-09-17	10098.04
2015-09-18	10104.61
2015-09-19	10104.61
2015-09-20	10104.61
2015-09-21	10096.77
2015-09-22	10101.13
2015-09-23	10093.65
2015-09-24	10088.02
2015-09-25	10083.09
2015-09-26	10083.09
2015-09-27	10083.09
2015-09-28	10084.7
2015-09-29	10074.68
2015-09-30	10065.66
2015-10-01	10071.27
2015-10-02	10071.75
2015-10-03	10071.75
2015-10-04	10071.75
2015-10-05	10066.58
2015-10-06	10072.18
2015-10-07	10076.68
2015-10-08	10084.89
2015-10-09	10086.35
2015-10-10	10086.35
2015-10-11	10086.35
2015-10-12	10091.2
2015-10-13	10094.43
2015-10-14	10097.14
2015-10-15	10092.27
2015-10-16	10095.08
2015-10-17	10095.08
2015-10-18	10095.08
2015-10-19	10100.11
2015-10-20	10106.3
2015-10-21	10111.94
2015-10-22	10117.13
2015-10-23	10120.52
2015-10-24	10120.52
2015-10-25	10120.52
2015-10-26	10128.75
2015-10-27	10136.29
2015-10-28	10131.31
2015-10-29	10136.62
2015-10-30	10138.57
2015-10-31	10138.57
2015-11-01	10138.57
2015-11-02	10140.18
2015-11-03	10140.76
2015-11-04	10146.08
2015-11-05	10146.44
2015-11-06	10151.27
2015-11-07	10151.27
2015-11-08	10151.27
2015-11-09	10156.41
2015-11-10	10161.23
2015-11-11	10160.12
2015-11-12	10160.61
2015-11-13	10158.32
2015-11-14	10158.32
2015-11-15	10158.32
2015-11-16	10156.89
2015-11-17	10156.63
2015-11-18	10162.07
2015-11-19	10163.02
2015-11-20	10166.31
2015-11-21	10166.31
2015-11-22	10166.31
2015-11-23	10169.28
2015-11-24	10171.42
2015-11-25	10169.97
2015-11-26	10170.14
2015-11-27	10172.81
2015-11-28	10172.81
2015-11-29	10172.81
2015-11-30	10174.22
2015-12-01	10180.22
2015-12-02	10179.21
2015-12-03	10180.54
2015-12-04	10182.17
2015-12-05	10182.17
2015-12-06	10182.17
2015-12-07	10186.55
2015-12-08	10184.86
2015-12-09	10174.36
2015-12-10	10172.27
2015-12-11	10169.25
2015-12-12	10169.25
2015-12-13	10169.25
2015-12-14	10161.53
2015-12-15	10147.19
2015-12-16	10147.14
2015-12-17	10154.17
2015-12-18	10155.96
2015-12-19	10155.96
2015-12-20	10155.96
2015-12-21	10154.92
2015-12-22	10158.27
2015-12-23	10164.12
2015-12-24	10165.21
2015-12-25	10164.81
2015-12-26	10164.81
2015-12-27	10164.81
2015-12-28	10164.73
2015-12-29	10167.54
2015-12-30	10172.79
2015-12-31	10175.98
2016-01-01	10175.98
2016-01-02	10175.98
2016-01-03	10175.98
2016-01-04	10177.16
2016-01-05	10181.16
2016-01-06	10181.31
2016-01-07	10179.04
2016-01-08	10172.47
2016-01-09	10172.47
2016-01-10	10172.47
2016-01-11	10173.46
2016-01-12	10166.54
2016-01-13	10161.44
2016-01-14	10161.36
2016-01-15	10143.08
2016-01-16	10143.08
2016-01-17	10143.08
2016-01-18	10128.83
2016-01-19	10133.05
2016-01-20	10121.26
2016-01-21	10096.98
2016-01-22	10099.43
2016-01-23	10099.43
2016-01-24	10099.43
2016-01-25	10108.42
2016-01-26	10108.39
2016-01-27	10108.63
2016-01-28	10094.55
2016-01-29	10095.65
2016-01-30	10095.65
2016-01-31	10095.65
2016-02-01	10094.51
2016-02-02	10093.11
2016-02-03	10085.99
2016-02-04	10074.47
2016-02-05	10072.64
2016-02-06	10072.64
2016-02-07	10072.64
2016-02-08	10070.43
2016-02-09	10054.93
2016-02-10	10040.58
2016-02-11	10042.57
2016-02-12	10026.26
2016-02-13	10026.26
2016-02-14	10026.26
2016-02-15	10034.72
2016-02-16	10033.19
2016-02-17	10031.93
2016-02-18	10041.39
2016-02-19	10051.65
2016-02-20	10051.65
2016-02-21	10051.65
2016-02-22	10054.52
2016-02-23	10061.11
2016-02-24	10062.65
2016-02-25	10062.55
2016-02-26	10069.24
2016-02-27	10069.24
2016-02-28	10069.24
2016-02-29	10085.71
2016-03-01	10093.63
2016-03-02	10104.79
2016-03-03	10114.51
2016-03-04	10117.29
2016-03-05	10117.29
2016-03-06	10117.29
2016-03-07	10126.65
2016-03-08	10133.22
2016-03-09	10137.66
2016-03-10	10144.86
2016-03-11	10157.08
2016-03-12	10157.08
2016-03-13	10157.08
2016-03-14	10158.48
2016-03-15	10172.15
2016-03-16	10196.22
2016-03-17	10197.1
2016-03-18	10197.91
2016-03-19	10197.91
2016-03-20	10197.91
2016-03-21	10210.17
2016-03-22	10217.32
2016-03-23	10217.85
2016-03-24	10234.31
2016-03-25	10234.25
2016-03-26	10234.25
2016-03-27	10234.25
2016-03-28	10234.11
2016-03-29	10231.94
2016-03-30	10236.39
2016-03-31	10234.48
2016-04-01	10238.01
2016-04-02	10238.01
2016-04-03	10238.01
2016-04-04	10244.32
2016-04-05	10245.73
2016-04-06	10246.38
2016-04-07	10249.29
2016-04-08	10249.08
2016-04-09	10249.08
2016-04-10	10249.08
2016-04-11	10244.85
2016-04-12	10249.74
2016-04-13	10252.23
2016-04-14	10257.52
2016-04-15	10264.88
2016-04-16	10264.88
2016-04-17	10264.88
2016-04-18	10271.47
2016-04-19	10275.38
2016-04-20	10284.74
2016-04-21	10294.23
2016-04-22	10308.91
2016-04-23	10308.91
2016-04-24	10308.91
2016-04-25	10308.77
2016-04-26	10315.07
2016-04-27	10324.63
2016-04-28	10328.16
2016-04-29	10329.18
2016-04-30	10329.18
2016-05-01	10329.18
2016-05-02	10330.56
2016-05-03	10333.42
2016-05-04	10331.17
2016-05-05	10327.27
2016-05-06	10325.25
2016-05-07	10325.25
2016-05-08	10325.25
2016-05-09	10322.4
2016-05-10	10318.94
2016-05-11	10319.84
2016-05-12	10323.01
2016-05-13	10319.29
2016-05-14	10319.29
2016-05-15	10319.29
2016-05-16	10318.29
2016-05-17	10318.68
2016-05-18	10319.44
2016-05-19	10322.07
2016-05-20	10322.51
2016-05-21	10322.51
2016-05-22	10322.51
2016-05-23	10321.56
2016-05-24	10323.46
2016-05-25	10325.98
2016-05-26	10331.71
2016-05-27	10334.93
2016-05-28	10334.93
2016-05-29	10334.93
2016-05-30	10325.64
2016-05-31	10332.11
2016-06-01	10346.78
2016-06-02	10347.17
2016-06-03	10346.26
2016-06-04	10346.26
2016-06-05	10346.26
2016-06-06	10341.87
2016-06-07	10343.46
2016-06-08	10345.43
2016-06-09	10348.08
2016-06-10	10349.88
2016-06-11	10349.88
2016-06-12	10349.88
2016-06-13	10349.74
2016-06-14	10341.13
2016-06-15	10323.52
2016-06-16	10323.6
2016-06-17	10317.18
2016-06-18	10317.18
2016-06-19	10317.18
2016-06-20	10322.98
2016-06-21	10335.08
2016-06-22	10335.53
2016-06-23	10343.66
2016-06-24	10353.93
2016-06-25	10353.93
2016-06-26	10353.93
2016-06-27	10322.91
2016-06-28	10312.14
2016-06-29	10315.1
2016-06-30	10324.59
2016-07-01	10330.32
2016-07-02	10330.32
2016-07-03	10330.32
2016-07-04	10331.51
2016-07-05	10341.95
2016-07-06	10338.54
2016-07-07	10342.23
2016-07-08	10351.54
2016-07-09	10351.54
2016-07-10	10351.54
2016-07-11	10359.73
2016-07-12	10375.11
2016-07-13	10379.64
2016-07-14	10386.07
2016-07-15	10389.95
2016-07-16	10389.95
2016-07-17	10389.95
2016-07-18	10397.25
2016-07-19	10397.46
2016-07-20	10401.21
2016-07-21	10405.56
2016-07-22	10406.03
2016-07-23	10406.03
2016-07-24	10406.03
2016-07-25	10408.57
2016-07-26	10412.17
2016-07-27	10408.62
2016-07-28	10405.67
2016-07-29	10403.11
2016-07-30	10403.11
2016-07-31	10403.11
2016-08-01	10401.46
2016-08-02	10400.01
2016-08-03	10395.72
2016-08-04	10395.44
2016-08-05	10394.14
2016-08-06	10394.14
2016-08-07	10394.14
2016-08-08	10402.25
2016-08-09	10408.38
2016-08-10	10415.11
2016-08-11	10415.78
2016-08-12	10417.88
2016-08-13	10417.88
2016-08-14	10417.88
2016-08-15	10421.93
2016-08-16	10429.37
2016-08-17	10433.59
2016-08-18	10436.25
2016-08-19	10439.13
2016-08-20	10439.13
2016-08-21	10439.13
2016-08-22	10444.97
2016-08-23	10449.4
2016-08-24	10449.9
2016-08-25	10452.11
2016-08-26	10451.62
2016-08-27	10451.62
2016-08-28	10451.62
2016-08-29	10456.27
2016-08-30	10459.05
2016-08-31	10457.53
2016-09-01	10456.94
2016-09-02	10457.05
2016-09-03	10457.05
2016-09-04	10457.05
2016-09-05	10455.18
2016-09-06	10455.03
2016-09-07	10456.09
2016-09-08	10453.1
2016-09-09	10452.23
2016-09-10	10452.23
2016-09-11	10452.23
2016-09-12	10450.24
2016-09-13	10445.69
2016-09-14	10444.18
2016-09-15	10444.47
2016-09-16	10442.71
2016-09-17	10442.71
2016-09-18	10442.71
2016-09-19	10445.54
2016-09-20	10452.02
2016-09-21	10453.62
2016-09-22	10455.23
2016-09-23	10459.7
2016-09-24	10459.7
2016-09-25	10459.7
2016-09-26	10464.29
2016-09-27	10461.55
2016-09-28	10456.92
2016-09-29	10459.34
2016-09-30	10459.69
2016-10-01	10459.69
2016-10-02	10459.69
2016-10-03	10461.88
2016-10-04	10468.71
2016-10-05	10469.77
2016-10-06	10474.81
2016-10-07	10486.4
2016-10-08	10486.4
2016-10-09	10486.4
2016-10-10	10487.7
2016-10-11	10491.07
2016-10-12	10491.36
2016-10-13	10495.14
2016-10-14	10493.28
2016-10-15	10493.28
2016-10-16	10493.28
2016-10-17	10494.64
2016-10-18	10497.7
2016-10-19	10501.47
2016-10-20	10506.72
2016-10-21	10506.7
2016-10-22	10506.7
2016-10-23	10506.7
2016-10-24	10494.91
2016-10-25	10496.61
2016-10-26	10495.76
2016-10-27	10491.5
2016-10-28	10494.74
2016-10-29	10494.74
2016-10-30	10494.74
2016-10-31	10497.13
2016-11-01	10497.64
2016-11-02	10494.3
2016-11-03	10483.51
2016-11-04	10482.88
2016-11-05	10482.88
2016-11-06	10482.88
2016-11-07	10483.99
2016-11-08	10490.85
2016-11-09	10493.99
2016-11-10	10498.89
2016-11-11	10513.52
2016-11-12	10513.52
2016-11-13	10513.52
2016-11-14	10516.47
2016-11-15	10518.02
2016-11-16	10521.41
2016-11-17	10523.03
2016-11-18	10521.79
2016-11-19	10521.79
2016-11-20	10521.79
2016-11-21	10519.73
2016-11-22	10516.75
2016-11-23	10519.13
2016-11-24	10521.07
2016-11-25	10518.67
2016-11-26	10518.67
2016-11-27	10518.67
2016-11-28	10523.53
2016-11-29	10525.68
2016-11-30	10528.31
2016-12-01	10533.96
2016-12-02	10540.68
2016-12-03	10540.68
2016-12-04	10540.68
2016-12-05	10540.15
2016-12-06	10544.0
2016-12-07	10546.45
2016-12-08	10549.81
2016-12-09	10553.33
2016-12-10	10553.33
2016-12-11	10553.33
2016-12-12	10554.76
2016-12-13	10555.31
2016-12-14	10557.22
2016-12-15	10562.68
2016-12-16	10566.49
2016-12-17	10566.49
2016-12-18	10566.49
2016-12-19	10568.22
2016-12-20	10571.85
2016-12-21	10575.13
2016-12-22	10577.75
2016-12-23	10578.14
2016-12-24	10578.14
2016-12-25	10578.14
2016-12-26	10578.0
2016-12-27	10577.96
2016-12-28	10580.0
2016-12-29	10580.38
2016-12-30	10590.16
2016-12-31	10590.16
2017-01-01	10590.16
2017-01-02	10590.02
2017-01-03	10591.52
2017-01-04	10601.41
2017-01-05	10604.73
2017-01-06	10603.45
2017-01-07	10603.45
2017-01-08	10603.45
2017-01-09	10598.14
2017-01-10	10600.43
2017-01-11	10598.0
2017-01-12	10599.83
2017-01-13	10598.61
2017-01-14	10598.61
2017-01-15	10598.61
2017-01-16	10600.63
2017-01-17	10602.86
2017-01-18	10600.95
2017-01-19	10593.94
2017-01-20	10592.8
2017-01-21	10592.8
2017-01-22	10592.8
2017-01-23	10595.77
2017-01-24	10596.63
2017-01-25	10598.03
2017-01-26	10597.98
2017-01-27	10606.82
2017-01-28	10606.82
2017-01-29	10606.82
2017-01-30	10609.91
2017-01-31	10608.25
2017-02-01	10605.71
2017-02-02	10608.73
2017-02-03	10609.51
2017-02-04	10609.51
2017-02-05	10609.51
2017-02-06	10613.1
2017-02-07	10613.56
2017-02-08	10611.55
2017-02-09	10607.51
2017-02-10	10608.23
2017-02-11	10608.23
2017-02-12	10608.23
2017-02-13	10613.61
2017-02-14	10619.75
2017-02-15	10625.81
2017-02-16	10630.11
2017-02-17	10630.03
2017-02-18	10630.03
2017-02-19	10630.03
2017-02-20	10629.87
2017-02-21	10630.9
2017-02-22	10634.07
2017-02-23	10635.22
2017-02-24	10637.36
2017-02-25	10637.36
2017-02-26	10637.36
2017-02-27	10640.19
2017-02-28	10644.64
2017-03-01	10649.21
2017-03-02	10655.17
2017-03-03	10659.57
2017-03-04	10659.57
2017-03-05	10659.57
2017-03-06	10660.1
2017-03-07	10660.44
2017-03-08	10654.68
2017-03-09	10654.29
2017-03-10	10649.31
2017-03-11	10649.31
2017-03-12	10649.31
2017-03-13	10650.35
2017-03-14	10652.39
2017-03-15	10647.4
2017-03-16	10647.98
2017-03-17	10652.33
2017-03-18	10652.33
2017-03-19	10652.33
2017-03-20	10653.0
2017-03-21	10656.4
2017-03-22	10653.15
2017-03-23	10658.65
2017-03-24	10655.74
2017-03-25	10655.74
2017-03-26	10655.74
2017-03-27	10658.28
2017-03-28	10659.11
2017-03-29	10662.58
2017-03-30	10664.71
2017-03-31	10665.97
2017-04-01	10665.97
2017-04-02	10665.97
2017-04-03	10665.89
2017-04-04	10663.85
2017-04-05	10664.6
2017-04-06	10666.38
2017-04-07	10667.17
2017-04-08	10667.17
2017-04-09	10667.17
2017-04-10	10669.1
2017-04-11	10672.2
2017-04-12	10669.73
2017-04-13	10668.39
2017-04-14	10668.35
2017-04-15	10668.35
2017-04-16	10668.35
2017-04-17	10668.21
2017-04-18	10669.59
2017-04-19	10668.2
2017-04-20	10669.75
2017-04-21	10670.97
2017-04-22	10670.97
2017-04-23	10670.97
2017-04-24	10670.63
2017-04-25	10670.58
2017-04-26	10679.59
2017-04-27	10684.19
2017-04-28	10687.63
2017-04-29	10687.63
2017-04-30	10687.63
2017-05-01	10688.54
2017-05-02	10690.53
2017-05-03	10694.03
2017-05-04	10697.51
2017-05-05	10700.56
2017-05-06	10700.56
2017-05-07	10700.56
2017-05-08	10701.82
2017-05-09	10707.55
2017-05-10	10709.85
2017-05-11	10714.07
2017-05-12	10717.25
2017-05-13	10717.25
2017-05-14	10717.25
2017-05-15	10720.38
2017-05-16	10723.81
2017-05-17	10724.54
2017-05-18	10719.95
2017-05-19	10716.87
2017-05-20	10716.87
2017-05-21	10716.87
2017-05-22	10722.28
2017-05-23	10723.63
2017-05-24	10723.39
2017-05-25	10720.85
2017-05-26	10721.29
2017-05-27	10721.29
2017-05-28	10721.29
2017-05-29	10725.31
2017-05-30	10730.09
2017-05-31	10725.92
2017-06-01	10725.91
2017-06-02	10726.24
2017-06-03	10726.24
2017-06-04	10726.24
2017-06-05	10727.89
2017-06-06	10729.95
2017-06-07	10729.85
2017-06-08	10730.35
2017-06-09	10730.17
2017-06-10	10730.17
2017-06-11	10730.17
2017-06-12	10730.03
2017-06-13	10731.9
2017-06-14	10737.63
2017-06-15	10738.66
2017-06-16	10741.33
2017-06-17	10741.33
2017-06-18	10741.33
2017-06-19	10740.77
2017-06-20	10744.17
2017-06-21	10743.62
2017-06-22	10742.58
2017-06-23	10742.54
2017-06-24	10742.54
2017-06-25	10742.54
2017-06-26	10746.84
2017-06-27	10750.85
2017-06-28	10753.12
2017-06-29	10755.47
2017-06-30	10759.13
2017-07-01	10759.13
2017-07-02	10759.13
2017-07-03	10763.34
2017-07-04	10769.49
2017-07-05	10767.29
2017-07-06	10775.71
2017-07-07	10778.38
2017-07-08	10778.38
2017-07-09	10778.38
2017-07-10	10780.71
2017-07-11	10782.87
2017-07-12	10782.48
2017-07-13	10783.6
2017-07-14	10785.06
2017-07-15	10785.06
2017-07-16	10785.06
2017-07-17	10787.11
2017-07-18	10790.74
2017-07-19	10792.1
2017-07-20	10796.25
2017-07-21	10797.49
2017-07-22	10797.49
2017-07-23	10797.49
2017-07-24	10800.14
2017-07-25	10800.92
2017-07-26	10802.85
2017-07-27	10803.82
2017-07-28	10805.51
2017-07-29	10805.51
2017-07-30	10805.51
2017-07-31	10807.38
2017-08-01	10809.07
2017-08-02	10809.91
2017-08-03	10810.65
2017-08-04	10807.23
2017-08-05	10807.23
2017-08-06	10807.23
2017-08-07	10805.56
2017-08-08	10807.34
2017-08-09	10800.41
2017-08-10	10794.57
2017-08-11	10786.43
2017-08-12	10786.43
2017-08-13	10786.43
2017-08-14	10776.8
2017-08-15	10784.27
2017-08-16	10787.88
2017-08-17	10790.96
2017-08-18	10788.24
2017-08-19	10788.24
2017-08-20	10788.24
2017-08-21	10787.1
2017-08-22	10786.15
2017-08-23	10790.04
2017-08-24	10789.58
2017-08-25	10791.35
2017-08-26	10791.35
2017-08-27	10791.35
2017-08-28	10793.7
2017-08-29	10794.22
2017-08-30	10790.66
2017-08-31	10793.34
2017-09-01	10798.69
2017-09-02	10798.69
2017-09-03	10798.69
2017-09-04	10799.06
2017-09-05	10809.5
2017-09-06	10795.03
2017-09-07	10792.43
2017-09-08	10789.93
2017-09-09	10789.93
2017-09-10	10789.93
2017-09-11	10789.98
2017-09-12	10794.4
2017-09-13	10798.28
2017-09-14	10805.43
2017-09-15	10812.19
2017-09-16	10812.19
2017-09-17	10812.19
2017-09-18	10817.32
2017-09-19	10823.92
2017-09-20	10828.84
2017-09-21	10832.72
2017-09-22	10835.7
2017-09-23	10835.7
2017-09-24	10835.7
2017-09-25	10836.59
2017-09-26	10839.4
2017-09-27	10841.88
2017-09-28	10847.15
2017-09-29	10847.92
2017-09-30	10847.92
2017-10-01	10847.92
2017-10-02	10855.46
2017-10-03	10867.3
2017-10-04	10873.68
2017-10-05	10872.92
2017-10-06	10875.17
2017-10-07	10875.17
2017-10-08	10875.17
2017-10-09	10878.82
2017-10-10	10880.01
2017-10-11	10881.6
2017-10-12	10880.62
2017-10-13	10876.95
2017-10-14	10876.95
2017-10-15	10876.95
2017-10-16	10878.61
2017-10-17	10881.41
2017-10-18	10885.12
2017-10-19	10887.98
2017-10-20	10888.86
2017-10-21	10888.86
2017-10-22	10888.86
2017-10-23	10896.71
2017-10-24	10902.93
2017-10-25	10906.21
2017-10-26	10906.24
2017-10-27	10910.73
2017-10-28	10910.73
2017-10-29	10910.73
2017-10-30	10911.46
2017-10-31	10912.81
2017-11-01	10913.1
2017-11-02	10911.77
2017-11-03	10908.03
2017-11-04	10908.03
2017-11-05	10908.03
2017-11-06	10908.1
2017-11-07	10908.59
2017-11-08	10897.23
2017-11-09	10897.6
2017-11-10	10892.66
2017-11-11	10892.66
2017-11-12	10892.66
2017-11-13	10893.4
2017-11-14	10900.57
2017-11-15	10893.17
2017-11-16	10886.8
2017-11-17	10892.06
2017-11-18	10892.06
2017-11-19	10892.06
2017-11-20	10895.92
2017-11-21	10899.64
2017-11-22	10906.58
2017-11-23	10907.83
2017-11-24	10907.42
2017-11-25	10907.42
2017-11-26	10907.42
2017-11-27	10910.1
2017-11-28	10913.01
2017-11-29	10912.56
2017-11-30	10916.15
2017-12-01	10922.32
2017-12-02	10922.32
2017-12-03	10922.32
2017-12-04	10923.56
2017-12-05	10928.45
2017-12-06	10928.78
2017-12-07	10931.31
2017-12-08	10930.75
2017-12-09	10930.75
2017-12-10	10930.75
2017-12-11	10934.23
2017-12-12	10936.97
2017-12-13	10939.87
2017-12-14	10937.25
2017-12-15	10942.3
2017-12-16	10942.3
2017-12-17	10942.3
2017-12-18	10946.04
2017-12-19	10946.12
2017-12-20	10949.16
2017-12-21	10952.69
2017-12-22	10953.07
2017-12-23	10953.07
2017-12-24	10953.07
2017-12-25	10952.93
2017-12-26	10952.88
2017-12-27	10955.16
2017-12-28	10955.54
2017-12-29	10965.46
2017-12-30	10965.46
2017-12-31	10965.46
2018-01-01	10965.31
2018-01-02	10965.71
2018-01-03	10966.44
2018-01-04	10967.22
2018-01-05	10968.85
2018-01-06	10968.85
2018-01-07	10968.85
2018-01-08	10970.8
2018-01-09	10973.66
2018-01-10	10979.8
2018-01-11	10987.03
2018-01-12	10990.89
2018-01-13	10990.89
2018-01-14	10990.89
2018-01-15	10994.21
2018-01-16	10993.14
2018-01-17	10997.82
2018-01-18	10995.91
2018-01-19	10997.99
2018-01-20	10997.99
2018-01-21	10997.99
2018-01-22	10998.63
2018-01-23	10998.15
2018-01-24	10999.0
2018-01-25	11003.07
2018-01-26	11003.02
2018-01-27	11003.02
2018-01-28	11003.02
2018-01-29	11009.17
2018-01-30	11018.79
2018-01-31	11017.66
2018-02-01	11021.85
2018-02-02	11028.58
2018-02-03	11028.58
2018-02-04	11028.58
2018-02-05	11029.55
2018-02-06	11023.49
2018-02-07	11014.83
2018-02-08	11018.75
2018-02-09	11015.38
2018-02-10	11015.38
2018-02-11	11015.38
2018-02-12	11001.08
2018-02-13	11001.05
2018-02-14	10989.09
2018-02-15	10994.52
2018-02-16	11002.2
2018-02-17	11002.2
2018-02-18	11002.2
2018-02-19	11002.34
2018-02-20	10998.62
2018-02-21	11003.11
2018-02-22	11003.51
2018-02-23	11004.16
2018-02-24	11004.16
2018-02-25	11004.16
2018-02-26	10998.73
2018-02-27	11001.14
2018-02-28	11003.21
2018-03-01	10997.18
2018-03-02	10984.08
2018-03-03	10984.08
2018-03-04	10984.08
2018-03-05	10980.5
2018-03-06	10984.46
2018-03-07	10988.37
2018-03-08	10984.99
2018-03-09	10985.27
2018-03-10	10985.27
2018-03-11	10985.27
2018-03-12	10986.42
2018-03-13	10983.59
2018-03-14	10973.04
2018-03-15	10967.71
2018-03-16	10960.22
2018-03-17	10960.22
2018-03-18	10960.22
2018-03-19	10963.51
2018-03-20	10963.54
2018-03-21	10960.21
2018-03-22	10954.56
2018-03-23	10943.81
2018-03-24	10943.81
2018-03-25	10943.81
2018-03-26	10939.15
2018-03-27	10937.97
2018-03-28	10938.8
2018-03-29	10940.1
2018-03-30	10940.05
2018-03-31	10940.05
2018-04-01	10940.05
2018-04-02	10939.91
2018-04-03	10943.12
2018-04-04	10944.36
2018-04-05	10947.31
2018-04-06	10955.16
2018-04-07	10955.16
2018-04-08	10955.16
2018-04-09	10958.44
2018-04-10	10960.91
2018-04-11	10966.55
2018-04-12	10966.34
2018-04-13	10970.83
2018-04-14	10970.83
2018-04-15	10970.83
2018-04-16	10975.44
2018-04-17	10977.61
2018-04-18	10978.9
2018-04-19	10977.68
2018-04-20	10976.96
2018-04-21	10976.96
2018-04-22	10976.96
2018-04-23	10982.13
2018-04-24	10981.2
2018-04-25	10981.15
2018-04-26	10978.24
2018-04-27	10973.78
2018-04-28	10973.78
2018-04-29	10973.78
2018-04-30	10973.34
2018-05-01	10971.77
2018-05-02	10965.45
2018-05-03	10965.58
2018-05-04	10962.5
2018-05-05	10962.5
2018-05-06	10962.5
2018-05-07	10960.42
2018-05-08	10962.42
2018-05-09	10961.78
2018-05-10	10966.3
2018-05-11	10972.12
2018-05-12	10972.12
2018-05-13	10972.12
2018-05-14	10978.03
2018-05-15	10982.73
2018-05-16	10983.1
2018-05-17	10984.27
2018-05-18	10982.72
2018-05-19	10982.72
2018-05-20	10982.72
2018-05-21	10981.51
2018-05-22	10982.06
2018-05-23	10981.94
2018-05-24	10976.13
2018-05-25	10977.66
2018-05-26	10977.66
2018-05-27	10977.66
2018-05-28	10974.53
2018-05-29	10986.56
2018-05-30	10958.71
2018-05-31	10952.42
2018-06-01	10955.56
2018-06-02	10955.56
2018-06-03	10955.56
2018-06-04	10958.03
2018-06-05	10964.89
2018-06-06	10963.94
2018-06-07	10963.52
2018-06-08	10965.11
2018-06-09	10965.11
2018-06-10	10965.11
2018-06-11	10964.97
2018-06-12	10964.04
2018-06-13	10965.84
2018-06-14	10967.22
2018-06-15	10967.26
2018-06-16	10967.26
2018-06-17	10967.26
2018-06-18	10965.74
2018-06-19	10960.39
2018-06-20	10949.49
2018-06-21	10945.9
2018-06-22	10934.52
2018-06-23	10934.52
2018-06-24	10934.52
2018-06-25	10932.26
2018-06-26	10929.48
2018-06-27	10929.13
2018-06-28	10926.59
2018-06-29	10923.54
2018-06-30	10923.54
2018-07-01	10923.54
2018-07-02	10931.69
2018-07-03	10933.33
2018-07-04	10934.05
2018-07-05	10935.14
2018-07-06	10942.41
2018-07-07	10942.41
2018-07-08	10942.41
2018-07-09	10946.36
2018-07-10	10955.82
2018-07-11	10963.07
2018-07-12	10963.27
2018-07-13	10968.35
2018-07-14	10968.35
2018-07-15	10968.35
2018-07-16	10971.34
2018-07-17	10974.28
2018-07-18	10976.49
2018-07-19	10976.29
2018-07-20	10975.47
2018-07-21	10975.47
2018-07-22	10975.47
2018-07-23	10979.04
2018-07-24	10985.04
2018-07-25	10996.19
2018-07-26	10999.96
2018-07-27	11008.17
2018-07-28	11008.17
2018-07-29	11008.17
2018-07-30	11013.46
2018-07-31	11016.09
2018-08-01	11021.47
2018-08-02	11024.42
2018-08-03	11022.65
2018-08-04	11022.65
2018-08-05	11022.65
2018-08-06	11026.11
2018-08-07	11033.12
2018-08-08	11034.74
2018-08-09	11029.82
2018-08-10	11023.09
2018-08-11	11023.09
2018-08-12	11023.09
2018-08-13	11012.17
2018-08-14	11008.46
2018-08-15	11012.78
2018-08-16	11012.27
2018-08-17	11017.71
2018-08-18	11017.71
2018-08-19	11017.71
2018-08-20	11019.36
2018-08-21	11021.01
2018-08-22	11022.31
2018-08-23	11018.98
2018-08-24	11018.14
2018-08-25	11018.14
2018-08-26	11018.14
2018-08-27	11019.97
2018-08-28	11022.98
2018-08-29	11024.17
2018-08-30	11025.37
2018-08-31	11023.1
2018-09-01	11023.1
2018-09-02	11023.1
2018-09-03	11021.88
2018-09-04	11014.69
2018-09-05	11019.08
2018-09-06	11021.38
2018-09-07	11024.16
2018-09-08	11024.16
2018-09-09	11024.16
2018-09-10	11028.54
2018-09-11	11034.09
2018-09-12	11039.65
2018-09-13	11043.29
2018-09-14	11049.54
2018-09-15	11049.54
2018-09-16	11049.54
2018-09-17	11054.32
2018-09-18	11057.21
2018-09-19	11057.05
2018-09-20	11059.66
2018-09-21	11066.61
2018-09-22	11066.61
2018-09-23	11066.61
2018-09-24	11069.4
2018-09-25	11067.14
2018-09-26	11071.33
2018-09-27	11071.38
2018-09-28	11072.78
2018-09-29	11072.78
2018-09-30	11072.78
2018-10-01	11076.19
2018-10-02	11079.12
2018-10-03	11081.19
2018-10-04	11087.22
2018-10-05	11084.49
2018-10-06	11084.49
2018-10-07	11084.49
2018-10-08	11082.91
2018-10-09	11086.66
2018-10-10	11085.32
2018-10-11	11084.09
2018-10-12	11072.09
2018-10-13	11072.09
2018-10-14	11072.09
2018-10-15	11073.09
2018-10-16	11075.61
2018-10-17	11074.87
2018-10-18	11074.52
2018-10-19	11072.66
2018-10-20	11072.66
2018-10-21	11072.66
2018-10-22	11072.15
2018-10-23	11071.5
2018-10-24	11061.79
2018-10-25	11065.57
2018-10-26	11056.23
2018-10-27	11056.23
2018-10-28	11056.23
2018-10-29	11051.24
2018-10-30	11054.74
2018-10-31	11050.73
2018-11-01	11055.87
2018-11-02	11052.68
2018-11-03	11052.68
2018-11-04	11052.68
2018-11-05	11060.27
2018-11-06	11060.81
2018-11-07	11063.48
2018-11-08	11076.58
2018-11-09	11078.88
2018-11-10	11078.88
2018-11-11	11078.88
2018-11-12	11075.77
2018-11-13	11074.57
2018-11-14	11063.23
2018-11-15	11049.94
2018-11-16	11032.39
2018-11-17	11032.39
2018-11-18	11032.39
2018-11-19	11025.22
2018-11-20	11017.01
2018-11-21	11005.66
2018-11-22	11010.19
2018-11-23	11011.83
2018-11-24	11011.83
2018-11-25	11011.83
2018-11-26	11011.83
2018-11-27	11017.11
2018-11-28	11008.65
2018-11-29	11004.07
2018-11-30	10998.15
2018-12-01	10998.15
2018-12-02	10998.15
2018-12-03	10993.55
2018-12-04	11002.24
2018-12-05	10989.77
2018-12-06	10983.19
2018-12-07	10968.64
2018-12-08	10968.64
2018-12-09	10968.64
2018-12-10	10969.03
2018-12-11	10963.93
2018-12-12	10969.58
2018-12-13	10978.23
2018-12-14	10985.97
2018-12-15	10985.97
2018-12-16	10985.97
2018-12-17	10987.5
2018-12-18	10988.03
2018-12-19	10986.06
2018-12-20	10983.2
2018-12-21	10970.09
2018-12-22	10970.09
2018-12-23	10970.09
2018-12-24	10971.37
2018-12-25	10971.32
2018-12-26	10971.27
2018-12-27	10972.85
2018-12-28	10973.2
2018-12-29	10973.2
2018-12-30	10973.2
2018-12-31	10954.81
2019-01-01	10954.76
2019-01-02	10957.34
2019-01-03	10956.61
2019-01-04	10942.88
2019-01-05	10942.88
2019-01-06	10942.88
2019-01-07	10946.85
2019-01-08	10954.8
2019-01-09	10963.75
2019-01-10	10973.89
2019-01-11	10973.6
2019-01-12	10973.6
2019-01-13	10973.6
2019-01-14	10980.94
2019-01-15	10980.13
2019-01-16	10981.19
2019-01-17	10990.08
2019-01-18	10996.44
2019-01-19	10996.44
2019-01-20	10996.44
2019-01-21	11014.91
2019-01-22	11017.46
2019-01-23	11024.44
2019-01-24	11029.39
2019-01-25	11034.13
2019-01-26	11034.13
2019-01-27	11034.13
2019-01-28	11033.98
2019-01-29	11042.96
2019-01-30	11049.41
2019-01-31	11053.14
2019-02-01	11066.09
2019-02-02	11066.09
2019-02-03	11066.09
2019-02-04	11077.27
2019-02-05	11083.4
2019-02-06	11092.65
2019-02-07	11096.15
2019-02-08	11087.46
2019-02-09	11087.46
2019-02-10	11087.46
2019-02-11	11087.41
2019-02-12	11090.96
2019-02-13	11094.25
2019-02-14	11098.39
2019-02-15	11095.34
2019-02-16	11095.34
2019-02-17	11095.34
2019-02-18	11101.25
2019-02-19	11102.27
2019-02-20	11104.12
2019-02-21	11104.6
2019-02-22	11105.37
2019-02-23	11105.37
2019-02-24	11105.37
2019-02-25	11107.41
2019-02-26	11113.38
2019-02-27	11114.13
2019-02-28	11117.6
2019-03-01	11126.87
2019-03-02	11126.87
2019-03-03	11126.87
2019-03-04	11138.06
2019-03-05	11140.22
2019-03-06	11139.32
2019-03-07	11136.23
2019-03-08	11132.54
2019-03-09	11132.54
2019-03-10	11132.54
2019-03-11	11133.83
2019-03-12	11131.67
2019-03-13	11137.19
2019-03-14	11140.11
2019-03-15	11143.24
2019-03-16	11143.24
2019-03-17	11143.24
2019-03-18	11148.12
2019-03-19	11152.46
2019-03-20	11155.86
2019-03-21	11151.91
2019-03-22	11156.77
2019-03-23	11156.77
2019-03-24	11156.77
2019-03-25	11154.38
2019-03-26	11155.37
2019-03-27	11159.46
2019-03-28	11158.77
2019-03-29	11160.38
2019-03-30	11160.38
2019-03-31	11160.38
2019-04-01	11164.4
2019-04-02	11173.49
2019-04-03	11176.39
2019-04-04	11184.22
2019-04-05	11187.08
2019-04-06	11187.08
2019-04-07	11187.08
2019-04-08	11193.09
2019-04-09	11197.13
2019-04-10	11200.7
2019-04-11	11204.69
2019-04-12	11211.11
2019-04-13	11211.11
2019-04-14	11211.11
2019-04-15	11223.21
2019-04-16	11228.99
2019-04-17	11232.28
2019-04-18	11236.84
2019-04-19	11236.79
2019-04-20	11236.79
2019-04-21	11236.79
2019-04-22	11236.65
2019-04-23	11237.51
2019-04-24	11237.65
2019-04-25	11237.6
2019-04-26	11243.08
2019-04-27	11243.08
2019-04-28	11243.08
2019-04-29	11247.3
2019-04-30	11248.81
2019-05-01	11250.75
2019-05-02	11254.6
2019-05-03	11249.92
2019-05-04	11249.92
2019-05-05	11249.92
2019-05-06	11251.22
2019-05-07	11248.53
2019-05-08	11241.78
2019-05-09	11238.71
2019-05-10	11229.84
2019-05-11	11229.84
2019-05-12	11229.84
2019-05-13	11232.54
2019-05-14	11224.3
2019-05-15	11225.45
2019-05-16	11226.81
2019-05-17	11233.08
2019-05-18	11233.08
2019-05-19	11233.08
2019-05-20	11233.09
2019-05-21	11232.41
2019-05-22	11234.44
2019-05-23	11229.95
2019-05-24	11216.47
2019-05-25	11216.47
2019-05-26	11216.47
2019-05-27	11217.47
2019-05-28	11218.68
2019-05-29	11214.44
2019-05-30	11204.4
2019-05-31	11209.38
2019-06-01	11209.38
2019-06-02	11209.38
2019-06-03	11198.92
2019-06-04	11194.59
2019-06-05	11200.63
2019-06-06	11208.19
2019-06-07	11208.94
2019-06-08	11208.94
2019-06-09	11208.94
2019-06-10	11208.79
2019-06-11	11214.88
2019-06-12	11223.98
2019-06-13	11225.84
2019-06-14	11228.76
2019-06-15	11228.76
2019-06-16	11228.76
2019-06-17	11228.78
2019-06-18	11233.95
2019-06-19	11242.09
2019-06-20	11247.29
2019-06-21	11260.91
2019-06-22	11260.91
2019-06-23	11260.91
2019-06-24	11273.35
2019-06-25	11280.35
2019-06-26	11275.63
2019-06-27	11281.51
2019-06-28	11286.76
2019-06-29	11286.76
2019-06-30	11286.76
2019-07-01	11293.2
2019-07-02	11301.85
2019-07-03	11304.99
2019-07-04	11307.72
2019-07-05	11306.13
2019-07-06	11306.13
2019-07-07	11306.13
2019-07-08	11312.01
2019-07-09	11314.17
2019-07-10	11313.33
2019-07-11	11314.14
2019-07-12	11320.12
2019-07-13	11320.12
2019-07-14	11320.12
2019-07-15	11322.79
2019-07-16	11321.97
2019-07-17	11322.78
2019-07-18	11322.52
2019-07-19	11319.84
2019-07-20	11319.84
2019-07-21	11319.84
2019-07-22	11326.87
2019-07-23	11330.38
2019-07-24	11335.72
2019-07-25	11341.52
2019-07-26	11350.35
2019-07-27	11350.35
2019-07-28	11350.35
2019-07-29	11353.99
2019-07-30	11356.0
2019-07-31	11354.78
2019-08-01	11355.03
2019-08-02	11345.21
2019-08-03	11345.21
2019-08-04	11345.21
2019-08-05	11336.48
2019-08-06	11315.28
2019-08-07	11308.92
2019-08-08	11304.36
2019-08-09	11310.52
2019-08-10	11310.52
2019-08-11	11310.52
2019-08-12	11312.17
2019-08-13	11308.25
2019-08-14	11309.2
2019-08-15	11297.68
2019-08-16	11289.68
2019-08-17	11289.68
2019-08-18	11289.68
2019-08-19	11293.64
2019-08-20	11301.52
2019-08-21	11308.33
2019-08-22	11316.09
2019-08-23	11323.01
2019-08-24	11323.01
2019-08-25	11323.01
2019-08-26	11323.34
2019-08-27	11321.75
2019-08-28	11319.84
2019-08-29	11316.2
2019-08-30	11316.31
2019-08-31	11316.31
2019-09-01	11316.31
2019-09-02	11317.81
2019-09-03	11317.6
2019-09-04	11312.26
2019-09-05	11313.58
2019-09-06	11319.73
2019-09-07	11319.73
2019-09-08	11319.73
2019-09-09	11323.35
2019-09-10	11327.87
2019-09-11	11330.04
2019-09-12	11331.62
2019-09-13	11335.45
2019-09-14	11335.45
2019-09-15	11335.45
2019-09-16	11342.2
2019-09-17	11340.49
2019-09-18	11340.1
2019-09-19	11341.36
2019-09-20	11342.23
2019-09-21	11342.23
2019-09-22	11342.23
2019-09-23	11346.33
2019-09-24	11347.94
2019-09-25	11343.11
2019-09-26	11337.97
2019-09-27	11338.23
2019-09-28	11338.23
2019-09-29	11338.23
2019-09-30	11340.16
2019-10-01	11343.5
2019-10-02	11347.21
2019-10-03	11336.57
2019-10-04	11329.73
2019-10-05	11329.73
2019-10-06	11329.73
2019-10-07	11330.56
2019-10-08	11333.69
2019-10-09	11329.2
2019-10-10	11333.78
2019-10-11	11338.16
2019-10-12	11338.16
2019-10-13	11338.16
2019-10-14	11353.87
2019-10-15	11341.34
2019-10-16	11358.77
2019-10-17	11362.38
2019-10-18	11367.49
2019-10-19	11367.49
2019-10-20	11367.49
2019-10-21	11373.25
2019-10-22	11379.99
2019-10-23	11385.77
2019-10-24	11382.55
2019-10-25	11385.29
2019-10-26	11385.29
2019-10-27	11385.29
2019-10-28	11392.47
2019-10-29	11400.11
2019-10-30	11400.02
2019-10-31	11394.59
2019-11-01	11389.85
2019-11-02	11389.85
2019-11-03	11389.85
2019-11-04	11393.9
2019-11-05	11394.12
2019-11-06	11405.97
2019-11-07	11407.9
2019-11-08	11415.92
2019-11-09	11415.92
2019-11-10	11415.92
2019-11-11	11417.04
2019-11-12	11421.27
2019-11-13	11421.61
2019-11-14	11422.27
2019-11-15	11419.09
2019-11-16	11419.09
2019-11-17	11419.09
2019-11-18	11418.01
2019-11-19	11417.38
2019-11-20	11416.77
2019-11-21	11410.31
2019-11-22	11408.72
2019-11-23	11408.72
2019-11-24	11408.72
2019-11-25	11411.53
2019-11-26	11415.1
2019-11-27	11418.86
2019-11-28	11423.17
2019-11-29	11423.47
2019-11-30	11423.47
2019-12-01	11423.47
2019-12-02	11427.5
2019-12-03	11428.26
2019-12-04	11428.29
2019-12-05	11432.96
2019-12-06	11441.34
2019-12-07	11441.34
2019-12-08	11441.34
2019-12-09	11448.46
2019-12-10	11452.24
2019-12-11	11454.95
2019-12-12	11454.52
2019-12-13	11458.7
2019-12-14	11458.7
2019-12-15	11458.7
2019-12-16	11468.01
2019-12-17	11474.42
2019-12-18	11478.63
2019-12-19	11486.13
2019-12-20	11488.62
2019-12-21	11488.62
2019-12-22	11488.62
2019-12-23	11490.49
2019-12-24	11490.75
2019-12-25	11490.7
2019-12-26	11490.65
2019-12-27	11491.3
2019-12-28	11491.3
2019-12-29	11491.3
2019-12-30	11491.82
2019-12-31	11499.01
2020-01-01	11498.96
2020-01-02	11501.46
2020-01-03	11502.08
2020-01-04	11502.08
2020-01-05	11502.08
2020-01-06	11492.5
2020-01-07	11487.13
2020-01-08	11487.85
2020-01-09	11485.41
2020-01-10	11497.19
2020-01-11	11497.19
2020-01-12	11497.19
2020-01-13	11502.77
2020-01-14	11501.63
2020-01-15	11500.01
2020-01-16	11501.23
2020-01-17	11506.48
2020-01-18	11506.48
2020-01-19	11506.48
2020-01-20	11515.93
2020-01-21	11519.36
2020-01-22	11519.88
2020-01-23	11521.98
2020-01-24	11512.69
2020-01-25	11512.69
2020-01-26	11512.69
2020-01-27	11512.53
2020-01-28	11510.52
2020-01-29	11495.46
2020-01-30	11499.1
2020-01-31	11488.76
2020-02-01	11488.76
2020-02-02	11488.76
2020-02-03	11485.93
2020-02-04	11485.09
2020-02-05	11494.4
2020-02-06	11503.51
2020-02-07	11511.22
2020-02-08	11511.22
2020-02-09	11511.22
2020-02-10	11508.41
2020-02-11	11505.53
2020-02-12	11510.16
2020-02-13	11517.14
2020-02-14	11517.55
2020-02-15	11517.55
2020-02-16	11517.55
2020-02-17	11520.36
2020-02-18	11523.86
2020-02-19	11519.37
2020-02-20	11520.02
2020-02-21	11512.61
2020-02-22	11512.61
2020-02-23	11512.61
2020-02-24	11509.17
2020-02-25	11485.74
2020-02-26	11471.14
2020-02-27	11465.58
2020-02-28	11434.96
2020-02-29	11434.96
2020-03-01	11434.96
2020-03-02	11397.6
2020-03-03	11382.87
2020-03-04	11395.67
2020-03-05	11403.81
2020-03-06	11388.11
2020-03-07	11388.11
2020-03-08	11388.11
2020-03-09	11388.4
2020-03-10	11327.21
2020-03-11	11136.29
2020-03-12	11074.61
2020-03-13	10954.65
2020-03-14	10954.65
2020-03-15	10954.65
2020-03-16	10949.73
2020-03-17	10861.45
2020-03-18	10794.51
2020-03-19	10658.11
2020-03-20	10513.65
2020-03-21	10513.65
2020-03-22	10513.65
2020-03-23	10409.24
2020-03-24	10365.69
2020-03-25	10439.22
2020-03-26	10554.51
2020-03-27	10629.3
2020-03-28	10629.3
2020-03-29	10629.3
2020-03-30	10653.94
2020-03-31	10690.16
2020-04-01	10732.15
2020-04-02	10719.07
2020-04-03	10708.37
2020-04-04	10708.37
2020-04-05	10708.37
2020-04-06	10697.18
2020-04-07	10712.93
2020-04-08	10750.63
2020-04-09	10777.23
2020-04-10	10777.18
2020-04-11	10777.18
2020-04-12	10777.18
2020-04-13	10777.04
2020-04-14	10862.34
2020-04-15	10940.69
2020-04-16	10931.19
2020-04-17	10929.24
2020-04-18	10929.24
2020-04-19	10929.24
2020-04-20	10945.56
2020-04-21	10939.92
2020-04-22	10925.44
2020-04-23	10931.9
2020-04-24	10946.94
2020-04-25	10946.94
2020-04-26	10946.94
2020-04-27	10946.93
2020-04-28	10962.14
2020-04-29	10966.48
2020-04-30	10977.61
2020-05-01	10989.76
2020-05-02	10989.76
2020-05-03	10989.76
2020-05-04	10983.49
2020-05-05	10975.64
2020-05-06	10988.67
2020-05-07	10988.19
2020-05-08	10979.82
2020-05-09	10979.82
2020-05-10	10979.82
2020-05-11	10975.21
2020-05-12	10974.58
2020-05-13	10979.03
2020-05-14	10974.74
2020-05-15	10965.62
2020-05-16	10965.62
2020-05-17	10965.62
2020-05-18	10975.08
2020-05-19	11006.88
2020-05-20	11029.37
2020-05-21	11055.59
2020-05-22	11063.5
2020-05-23	11063.5
2020-05-24	11063.5
2020-05-25	11063.83
2020-05-26	11065.72
2020-05-27	11086.13
2020-05-28	11096.46
2020-05-29	11109.35
2020-05-30	11109.35
2020-05-31	11109.35
2020-06-01	11117.72
2020-06-02	11128.42
2020-06-03	11146.25
2020-06-04	11179.05
2020-06-05	11199.13
2020-06-06	11199.13
2020-06-07	11199.13
2020-06-08	11198.98
2020-06-09	11245.05
2020-06-10	11241.48
2020-06-11	11231.95
2020-06-12	11194.94
2020-06-13	11194.94
2020-06-14	11194.94
2020-06-15	11195.99
2020-06-16	11191.42
2020-06-17	11249.76
2020-06-18	11248.84
2020-06-19	11239.24
2020-06-20	11239.24
2020-06-21	11239.24
2020-06-22	11243.34
2020-06-23	11240.42
2020-06-24	11240.63
2020-06-25	11226.26
2020-06-26	11216.52
2020-06-27	11216.52
2020-06-28	11216.52
2020-06-29	11219.0
2020-06-30	11219.39
2020-07-01	11236.44
2020-07-02	11251.02
2020-07-03	11269.39
2020-07-04	11269.39
2020-07-05	11269.39
2020-07-06	11270.42
2020-07-07	11283.91
2020-07-08	11287.24
2020-07-09	11287.08
2020-07-10	11287.1
2020-07-11	11287.1
2020-07-12	11287.1
2020-07-13	11286.88
2020-07-14	11293.27
2020-07-15	11292.26
2020-07-16	11301.36
2020-07-17	11306.53
2020-07-18	11306.53
2020-07-19	11306.53
2020-07-20	11315.05
2020-07-21	11326.36
2020-07-22	11338.38
2020-07-23	11347.37
2020-07-24	11349.82
2020-07-25	11349.82
2020-07-26	11349.82
2020-07-27	11348.96
2020-07-28	11348.44
2020-07-29	11345.27
2020-07-30	11345.18
2020-07-31	11342.63
2020-08-01	11342.63
2020-08-02	11342.63
2020-08-03	11341.39
2020-08-04	11349.74
2020-08-05	11351.81
2020-08-06	11361.87
2020-08-07	11367.78
2020-08-08	11367.78
2020-08-09	11367.78
2020-08-10	11372.27
2020-08-11	11377.55
2020-08-12	11384.04
2020-08-13	11388.08
2020-08-14	11380.35
2020-08-15	11380.35
2020-08-16	11380.35
2020-08-17	11374.31
2020-08-18	11368.5
2020-08-19	11363.02
2020-08-20	11362.19
2020-08-21	11361.63
2020-08-22	11361.63
2020-08-23	11361.63
2020-08-24	11362.93
2020-08-25	11366.35
2020-08-26	11367.8
2020-08-27	11368.49
2020-08-28	11368.0
2020-08-29	11368.0
2020-08-30	11368.0
2020-08-31	11372.83
2020-09-01	11377.97
2020-09-02	11384.23
2020-09-03	11390.65
2020-09-04	11386.99
2020-09-05	11386.99
2020-09-06	11386.99
2020-09-07	11378.42
2020-09-08	11382.35
2020-09-09	11371.43
2020-09-10	11370.77
2020-09-11	11375.35
2020-09-12	11375.35
2020-09-13	11375.35
2020-09-14	11373.58
2020-09-15	11377.93
2020-09-16	11379.8
2020-09-17	11385.62
2020-09-18	11385.1
2020-09-19	11385.1
2020-09-20	11385.1
2020-09-21	11388.75
2020-09-22	11378.67
2020-09-23	11372.93
2020-09-24	11366.14
2020-09-25	11347.37
2020-09-26	11347.37
2020-09-27	11347.37
2020-09-28	11332.9
2020-09-29	11337.1
2020-09-30	11341.74
2020-10-01	11352.76
2020-10-02	11359.06
2020-10-03	11359.06
2020-10-04	11359.06
2020-10-05	11358.29
2020-10-06	11378.33
2020-10-07	11391.87
2020-10-08	11389.64
2020-10-09	11395.77
2020-10-10	11395.77
2020-10-11	11395.77
2020-10-12	11399.13
2020-10-13	11399.45
2020-10-14	11405.97
2020-10-15	11403.86
2020-10-16	11396.0
2020-10-17	11396.0
2020-10-18	11396.0
2020-10-19	11400.8
2020-10-20	11404.59
2020-10-21	11409.18
2020-10-22	11414.52
2020-10-23	11414.5
2020-10-24	11414.5
2020-10-25	11414.5
2020-10-26	11417.38
2020-10-27	11423.31
2020-10-28	11424.04
2020-10-29	11415.6
2020-10-30	11412.86
2020-10-31	11412.86
2020-11-01	11412.86
2020-11-02	11412.68
2020-11-03	11412.66
2020-11-04	11415.75
2020-11-05	11437.61
2020-11-06	11454.73
2020-11-07	11454.73
2020-11-08	11454.73
2020-11-09	11462.5
2020-11-10	11495.45
2020-11-11	11506.57
2020-11-12	11512.38
2020-11-13	11498.28
2020-11-14	11498.28
2020-11-15	11498.28
2020-11-16	11498.11
2020-11-17	11506.52
2020-11-18	11515.05
2020-11-19	11520.98
2020-11-20	11525.14
2020-11-21	11525.14
2020-11-22	11525.14
2020-11-23	11528.66
2020-11-24	11530.95
2020-11-25	11541.06
2020-11-26	11544.98
2020-11-27	11546.18
2020-11-28	11546.18
2020-11-29	11546.18
2020-11-30	11547.09
2020-12-01	11556.59
2020-12-02	11575.88
2020-12-03	11584.07
2020-12-04	11588.57
2020-12-05	11588.57
2020-12-06	11588.57
2020-12-07	11587.31
2020-12-08	11585.64
2020-12-09	11578.59
2020-12-10	11570.8
2020-12-11	11570.71
2020-12-12	11570.71
2020-12-13	11570.71
2020-12-14	11565.75
2020-12-15	11565.68
2020-12-16	11568.85
2020-12-17	11577.64
2020-12-18	11583.29
2020-12-19	11583.29
2020-12-20	11583.29
2020-12-21	11584.31
2020-12-22	11580.91
2020-12-23	11583.02
2020-12-24	11582.97
2020-12-25	11582.92
2020-12-26	11582.92
2020-12-27	11582.92
2020-12-28	11582.77
2020-12-29	11582.64
2020-12-30	11582.7
2020-12-31	11596.1
2021-01-01	11596.04
2021-01-02	11596.04
2021-01-03	11596.04
2021-01-04	11598.53
2021-01-05	11592.82
2021-01-06	11588.29
2021-01-07	11592.75
2021-01-08	11602.24
2021-01-09	11602.24
2021-01-10	11602.24
2021-01-11	11607.75
2021-01-12	11606.69
2021-01-13	11609.12
2021-01-14	11612.33
2021-01-15	11616.75
2021-01-16	11616.75
2021-01-17	11616.75
2021-01-18	11613.97
2021-01-19	11615.02
2021-01-20	11619.73
2021-01-21	11622.85
2021-01-22	11617.73
2021-01-23	11617.73
2021-01-24	11617.73
2021-01-25	11611.8
2021-01-26	11611.74
2021-01-27	11606.99
2021-01-28	11600.61
2021-01-29	11600.63
2021-01-30	11600.63
2021-01-31	11600.63
2021-02-01	11602.73
2021-02-02	11604.67
2021-02-03	11609.88
2021-02-04	11614.99
2021-02-05	11622.08
2021-02-06	11622.08
2021-02-07	11622.08
2021-02-08	11626.71
2021-02-09	11633.99
2021-02-10	11633.45
2021-02-11	11634.68
2021-02-12	11630.09
2021-02-13	11630.09
2021-02-14	11630.09
2021-02-15	11635.99
2021-02-16	11640.03
2021-02-17	11646.59
2021-02-18	11650.53
2021-02-19	11654.52
2021-02-20	11654.52
2021-02-21	11654.52
2021-02-22	11657.98
2021-02-23	11648.4
2021-02-24	11640.56
2021-02-25	11643.64
2021-02-26	11647.46
2021-02-27	11647.46
2021-02-28	11647.46
2021-03-01	11645.65
2021-03-02	11638.81
2021-03-03	11639.79
2021-03-04	11639.75
2021-03-05	11629.48
2021-03-06	11629.48
2021-03-07	11629.48
2021-03-08	11629.37
2021-03-09	11613.28
2021-03-10	11596.18
2021-03-11	11599.65
2021-03-12	11609.64
2021-03-13	11609.64
2021-03-14	11609.64
2021-03-15	11610.34
2021-03-16	11607.82
2021-03-17	11606.54
2021-03-18	11607.21
2021-03-19	11613.93
2021-03-20	11613.93
2021-03-21	11613.93
2021-03-22	11616.2
2021-03-23	11616.82
2021-03-24	11613.75
2021-03-25	11608.26
2021-03-26	11606.97
2021-03-27	11606.97
2021-03-28	11606.97
2021-03-29	11613.15
2021-03-30	11618.66
2021-03-31	11625.34
2021-04-01	11639.47
2021-04-02	11639.42
2021-04-03	11639.42
2021-04-04	11639.42
2021-04-05	11639.27
2021-04-06	11649.02
2021-04-07	11647.98
2021-04-08	11649.31
2021-04-09	11650.31
2021-04-10	11650.31
2021-04-11	11650.31
2021-04-12	11650.65
2021-04-13	11652.72
2021-04-14	11651.13
2021-04-15	11654.06
2021-04-16	11648.4
2021-04-17	11648.4
2021-04-18	11648.4
2021-04-19	11644.39
2021-04-20	11642.62
2021-04-21	11641.24
2021-04-22	11642.64
2021-04-23	11646.09
2021-04-24	11646.09
2021-04-25	11646.09
2021-04-26	11648.34
2021-04-27	11651.9
2021-04-28	11651.34
2021-04-29	11651.85
2021-04-30	11651.46
2021-05-01	11651.46
2021-05-02	11651.46
2021-05-03	11651.18
2021-05-04	11653.63
2021-05-05	11649.54
2021-05-06	11651.68
2021-05-07	11650.16
2021-05-08	11650.16
2021-05-09	11650.16
2021-05-10	11652.54
2021-05-11	11654.46
2021-05-12	11651.7
2021-05-13	11652.33
2021-05-14	11652.59
2021-05-15	11652.59
2021-05-16	11652.59
2021-05-17	11654.88
2021-05-18	11658.96
2021-05-19	11656.85
2021-05-20	11653.47
2021-05-21	11654.54
2021-05-22	11654.54
2021-05-23	11654.54
2021-05-24	11654.87
2021-05-25	11656.06
2021-05-26	11658.55
2021-05-27	11659.04
2021-05-28	11659.68
2021-05-29	11659.68
2021-05-30	11659.68
2021-05-31	11658.69
2021-06-01	11661.78
2021-06-02	11662.99
2021-06-03	11668.38
2021-06-04	11667.48
2021-06-05	11667.48
2021-06-06	11667.48
2021-06-07	11668.24
2021-06-08	11669.44
2021-06-09	11668.86
2021-06-10	11669.87
2021-06-11	11668.5
2021-06-12	11668.5
2021-06-13	11668.5
2021-06-14	11668.35
2021-06-15	11673.4
2021-06-16	11679.93
2021-06-17	11684.23
2021-06-18	11688.25
2021-06-19	11688.25
2021-06-20	11688.25
2021-06-21	11685.24
2021-06-22	11678.06
2021-06-23	11681.65
2021-06-24	11680.0
2021-06-25	11680.62
2021-06-26	11680.62
2021-06-27	11680.62
2021-06-28	11684.91
2021-06-29	11687.99
2021-06-30	11691.65
2021-07-01	11690.63
2021-07-02	11686.27
2021-07-03	11686.27
2021-07-04	11686.27
2021-07-05	11685.2
2021-07-06	11685.92
2021-07-07	11681.41
2021-07-08	11676.42
2021-07-09	11666.26
2021-07-10	11666.26
2021-07-11	11666.26
2021-07-12	11671.21
2021-07-13	11672.2
2021-07-14	11673.65
2021-07-15	11671.72
2021-07-16	11664.19
2021-07-17	11664.19
2021-07-18	11664.19
2021-07-19	11661.67
2021-07-20	11646.04
2021-07-21	11645.86
2021-07-22	11656.95
2021-07-23	11657.89
2021-07-24	11657.89
2021-07-25	11657.89
2021-07-26	11662.59
2021-07-27	11662.41
2021-07-28	11661.96
2021-07-29	11666.32
2021-07-30	11669.74
2021-07-31	11669.74
2021-08-01	11669.74
2021-08-02	11669.19
2021-08-03	11664.8
2021-08-04	11661.73
2021-08-05	11659.4
2021-08-06	11657.69
2021-08-07	11657.69
2021-08-08	11657.69
2021-08-09	11656.91
2021-08-10	11654.23
2021-08-11	11652.81
2021-08-12	11651.98
2021-08-13	11653.38
2021-08-14	11653.38
2021-08-15	11653.38
2021-08-16	11654.73
2021-08-17	11653.19
2021-08-18	11647.04
2021-08-19	11645.22
2021-08-20	11634.56
2021-08-21	11634.56
2021-08-22	11634.56
2021-08-23	11636.79
2021-08-24	11639.36
2021-08-25	11643.05
2021-08-26	11647.86
2021-08-27	11651.03
2021-08-28	11651.03
2021-08-29	11651.03
2021-08-30	11649.42
2021-08-31	11650.92
2021-09-01	11653.17
2021-09-02	11654.25
2021-09-03	11657.2
2021-09-04	11657.2
2021-09-05	11657.2
2021-09-06	11657.62
2021-09-07	11658.99
2021-09-08	11658.63
2021-09-09	11658.91
2021-09-10	11659.11
2021-09-11	11659.11
2021-09-12	11659.11
2021-09-13	11664.26
2021-09-14	11668.74
2021-09-15	11664.17
2021-09-16	11666.09
2021-09-17	11666.75
2021-09-18	11666.75
2021-09-19	11666.75
2021-09-20	11672.04
2021-09-21	11665.72
2021-09-22	11664.72
2021-09-23	11667.0
2021-09-24	11666.95
2021-09-25	11666.95
2021-09-26	11666.95
2021-09-27	11675.95
2021-09-28	11690.96
2021-09-29	11687.2
2021-09-30	11685.87
2021-10-01	11676.39
2021-10-02	11676.39
2021-10-03	11676.39
2021-10-04	11674.91
2021-10-05	11674.72
2021-10-06	11681.09
2021-10-07	11675.69
2021-10-08	11677.14
2021-10-09	11677.14
2021-10-10	11677.14
2021-10-11	11675.25
2021-10-12	11676.13
2021-10-13	11669.43
2021-10-14	11670.43
2021-10-15	11672.19
2021-10-16	11672.19
2021-10-17	11672.19
2021-10-18	11676.74
2021-10-19	11677.01
2021-10-20	11677.31
2021-10-21	11677.24
2021-10-22	11678.34
2021-10-23	11678.34
2021-10-24	11678.34
2021-10-25	11678.39
2021-10-26	11678.86
2021-10-27	11681.18
2021-10-28	11673.4
2021-10-29	11664.53
2021-10-30	11664.53
2021-10-31	11664.53
2021-11-01	11666.2
2021-11-02	11666.2
2021-11-03	11661.37
2021-11-04	11664.45
2021-11-05	11665.82
2021-11-06	11665.82
2021-11-07	11665.82
2021-11-08	11666.74
2021-11-09	11669.02
2021-11-10	11663.26
2021-11-11	11660.7
2021-11-12	11657.4
2021-11-13	11657.4
2021-11-14	11657.4
2021-11-15	11647.75
2021-11-16	11644.46
2021-11-17	11635.24
2021-11-18	11631.68
2021-11-19	11631.76
2021-11-20	11631.76
2021-11-21	11631.76
2021-11-22	11628.93
2021-11-23	11627.61
2021-11-24	11619.97
2021-11-25	11617.32
2021-11-26	11613.97
2021-11-27	11613.97
2021-11-28	11613.97
2021-11-29	11585.2
2021-11-30	11589.29
2021-12-01	11587.13
2021-12-02	11586.06
2021-12-03	11580.13
2021-12-04	11580.13
2021-12-05	11580.13
2021-12-06	11588.04
2021-12-07	11598.13
2021-12-08	11616.96
2021-12-09	11613.38
2021-12-10	11612.97
2021-12-11	11612.97
2021-12-12	11612.97
2021-12-13	11610.58
2021-12-14	11609.29
2021-12-15	11596.42
2021-12-16	11596.72
2021-12-17	11596.44
2021-12-18	11596.44
2021-12-19	11596.44
2021-12-20	11592.03
2021-12-21	11584.27
2021-12-22	11595.18
2021-12-23	11601.51
2021-12-24	11601.49
2021-12-25	11601.49
2021-12-26	11601.49
2021-12-27	11601.34
2021-12-28	11601.29
2021-12-29	11601.34
2021-12-30	11601.23
2021-12-31	11623.92
2022-01-01	11623.92
2022-01-02	11623.92
2022-01-03	11623.77
2022-01-04	11623.73
2022-01-05	11628.56
2022-01-06	11632.9
2022-01-07	11633.14
2022-01-08	11633.14
2022-01-09	11633.14
2022-01-10	11631.92
2022-01-11	11626.22
2022-01-12	11624.53
2022-01-13	11624.78
2022-01-14	11617.67
2022-01-15	11617.67
2022-01-16	11617.67
2022-01-17	11611.08
2022-01-18	11607.02
2022-01-19	11608.74
2022-01-20	11610.86
2022-01-21	11607.57
2022-01-22	11607.57
2022-01-23	11607.57
2022-01-24	11607.52
2022-01-25	11576.24
2022-01-26	11576.18
2022-01-27	11576.33
2022-01-28	11567.62
2022-01-29	11567.62
2022-01-30	11567.62
2022-01-31	11551.34
2022-02-01	11555.8
2022-02-02	11564.07
2022-02-03	11567.51
2022-02-04	11558.35
2022-02-05	11558.35
2022-02-06	11558.35
2022-02-07	11541.88
2022-02-08	11532.35
2022-02-09	11541.58
2022-02-10	11545.77
2022-02-11	11544.16
2022-02-12	11544.16
2022-02-13	11544.16
2022-02-14	11531.69
2022-02-15	11518.18
2022-02-16	11517.76
2022-02-17	11509.36
2022-02-18	11498.13
2022-02-19	11498.13
2022-02-20	11498.13
2022-02-21	11487.32
2022-02-22	11487.05
2022-02-23	11471.37
2022-02-24	11471.26
2022-02-25	11442.61
2022-02-26	11442.61
2022-02-27	11442.61
2022-02-28	11471.92
2022-03-01	11465.8
2022-03-02	11457.62
2022-03-03	11455.0
2022-03-04	11456.01
2022-03-05	11456.01
2022-03-06	11456.01
2022-03-07	11435.09
2022-03-08	11405.23
2022-03-09	11383.43
2022-03-10	11397.37
2022-03-11	11387.19
2022-03-12	11387.19
2022-03-13	11387.19
2022-03-14	11386.98
2022-03-15	11385.43
2022-03-16	11383.53
2022-03-17	11411.37
2022-03-18	11444.46
2022-03-19	11444.46
2022-03-20	11444.46
2022-03-21	11451.04
2022-03-22	11462.83
2022-03-23	11469.75
2022-03-24	11471.25
2022-03-25	11463.32
2022-03-26	11463.32
2022-03-27	11463.32
2022-03-28	11472.46
2022-03-29	11476.41
2022-03-30	11486.03
2022-03-31	11493.24
2022-04-01	11495.1
2022-04-02	11495.1
2022-04-03	11495.1
2022-04-04	11497.81
2022-04-05	11511.82
2022-04-06	11511.23
2022-04-07	11495.66
2022-04-08	11497.28
2022-04-09	11497.28
2022-04-10	11497.28
2022-04-11	11488.84
2022-04-12	11479.75
2022-04-13	11475.51
2022-04-14	11462.43
2022-04-15	11462.37
2022-04-16	11462.37
2022-04-17	11462.37
2022-04-18	11462.22
2022-04-19	11468.6
2022-04-20	11458.88
2022-04-21	11457.97
2022-04-22	11448.18
2022-04-23	11448.18
2022-04-24	11448.18
2022-04-25	11448.03
2022-04-26	11421.65
2022-04-27	11408.42
2022-04-28	11396.23
2022-04-29	11393.12
2022-04-30	11393.12
2022-05-01	11393.12
2022-05-02	11388.48
2022-05-03	11387.63
2022-05-04	11388.68
2022-05-05	11386.28
2022-05-06	11394.62
2022-05-07	11394.62
2022-05-08	11394.62
2022-05-09	11391.66
2022-05-10	11374.26
2022-05-11	11368.78
2022-05-12	11370.13
2022-05-13	11357.09
2022-05-14	11357.09
2022-05-15	11357.09
2022-05-16	11359.3
2022-05-17	11355.97
2022-05-18	11356.22
2022-05-19	11343.35
2022-05-20	11335.5
2022-05-21	11335.5
2022-05-22	11335.5
2022-05-23	11330.79
2022-05-24	11343.32
2022-05-25	11341.61
2022-05-26	11355.1
2022-05-27	11378.25
2022-05-28	11378.25
2022-05-29	11378.25
2022-05-30	11388.69
2022-05-31	11394.02
2022-06-01	11399.94
2022-06-02	11406.35
2022-06-03	11404.07
2022-06-04	11404.07
2022-06-05	11404.07
2022-06-06	11400.29
2022-06-07	11402.07
2022-06-08	11386.18
2022-06-09	11391.42
2022-06-10	11387.63
2022-06-11	11387.63
2022-06-12	11387.63
2022-06-13	11387.48
2022-06-14	11369.95
2022-06-15	11333.62
2022-06-16	11331.87
2022-06-17	11312.03
2022-06-18	11312.03
2022-06-19	11312.03
2022-06-20	11308.77
2022-06-21	11313.69
2022-06-22	11320.96
2022-06-23	11302.35
2022-06-24	11289.33
2022-06-25	11289.33
2022-06-26	11289.33
2022-06-27	11296.0
2022-06-28	11301.35
2022-06-29	11293.74
2022-06-30	11309.53
2022-07-01	11276.21
2022-07-02	11276.21
2022-07-03	11276.21
2022-07-04	11273.72
2022-07-05	11280.1
2022-07-06	11269.87
2022-07-07	11276.3
2022-07-08	11299.98
2022-07-09	11299.98
2022-07-10	11299.98
2022-07-11	11310.43
2022-07-12	11309.97
2022-07-13	11304.76
2022-07-14	11299.64
2022-07-15	11294.51
2022-07-16	11294.51
2022-07-17	11294.51
2022-07-18	11302.84
2022-07-19	11315.85
2022-07-20	11322.22
2022-07-21	11331.3
2022-07-22	11335.88
2022-07-23	11335.88
2022-07-24	11335.88
2022-07-25	11338.84
2022-07-26	11336.45
2022-07-27	11323.25
2022-07-28	11332.1
2022-07-29	11336.89
2022-07-30	11336.89
2022-07-31	11336.89
2022-08-01	11350.79
2022-08-02	11354.9
2022-08-03	11353.3
2022-08-04	11359.53
2022-08-05	11356.26
2022-08-06	11356.26
2022-08-07	11356.26
2022-08-08	11361.73
2022-08-09	11361.5
2022-08-10	11355.12
2022-08-11	11363.46
2022-08-12	11384.09
2022-08-13	11384.09
2022-08-14	11384.09
2022-08-15	11394.18
2022-08-16	11397.42
2022-08-17	11398.25
2022-08-18	11394.0
2022-08-19	11391.09
2022-08-20	11391.09
2022-08-21	11391.09
2022-08-22	11387.92
2022-08-23	11376.81
2022-08-24	11373.55
2022-08-25	11382.52
2022-08-26	11390.9
2022-08-27	11390.9
2022-08-28	11390.9
2022-08-29	11388.31
2022-08-30	11382.15
2022-08-31	11380.88
2022-09-01	11368.52
2022-09-02	11361.46
2022-09-03	11361.46
2022-09-04	11361.46
2022-09-05	11368.46
2022-09-06	11367.37
2022-09-07	11363.17
2022-09-08	11368.84
2022-09-09	11381.03
2022-09-10	11381.03
2022-09-11	11381.03
2022-09-12	11393.72
2022-09-13	11401.54
2022-09-14	11398.47
2022-09-15	11394.22
2022-09-16	11398.93
2022-09-17	11398.93
2022-09-18	11398.93
2022-09-19	11391.69
2022-09-20	11394.02
2022-09-21	11395.24
2022-09-22	11395.19
2022-09-23	11396.17
2022-09-24	11396.17
2022-09-25	11396.17
2022-09-26	11378.18
2022-09-27	11365.59
2022-09-28	11352.46
2022-09-29	11320.92
2022-09-30	11302.99
2022-10-01	11302.99
2022-10-02	11302.99
2022-10-03	11301.56
2022-10-04	11310.43
2022-10-05	11348.26
2022-10-06	11338.17
2022-10-07	11352.6
2022-10-08	11352.6
2022-10-09	11352.6
2022-10-10	11348.51
2022-10-11	11348.14
2022-10-12	11326.67
2022-10-13	11310.07
2022-10-14	11304.63
2022-10-15	11304.63
2022-10-16	11304.63
2022-10-17	11313.7
2022-10-18	11311.65
2022-10-19	11318.06
2022-10-20	11315.92
2022-10-21	11316.18
2022-10-22	11316.18
2022-10-23	11316.18
2022-10-24	11312.37
2022-10-25	11321.57
2022-10-26	11324.42
2022-10-27	11325.48
2022-10-28	11324.42
2022-10-29	11324.42
2022-10-30	11324.42
2022-10-31	11332.37
2022-11-01	11332.95
2022-11-02	11341.41
2022-11-03	11355.16
2022-11-04	11352.77
2022-11-05	11352.77
2022-11-06	11352.77
2022-11-07	11361.5
2022-11-08	11373.39
2022-11-09	11378.53
2022-11-10	11364.27
2022-11-11	11379.66
2022-11-12	11379.66
2022-11-13	11379.66
2022-11-14	11403.71
2022-11-15	11418.43
2022-11-16	11437.21
2022-11-17	11436.39
2022-11-18	11442.35
2022-11-19	11442.35
2022-11-20	11442.35
2022-11-21	11456.5
2022-11-22	11462.94
2022-11-23	11471.41
2022-11-24	11474.95
2022-11-25	11479.12
2022-11-26	11479.12
2022-11-27	11479.12
2022-11-28	11487.08
2022-11-29	11494.68
2022-11-30	11491.88
2022-12-01	11494.22
2022-12-02	11508.94
2022-12-03	11508.94
2022-12-04	11508.94
2022-12-05	11511.26
2022-12-06	11520.58
2022-12-07	11519.27
2022-12-08	11520.01
2022-12-09	11524.58
2022-12-10	11524.58
2022-12-11	11524.58
2022-12-12	11537.87
2022-12-13	11530.55
2022-12-14	11539.12
2022-12-15	11540.62
2022-12-16	11539.51
2022-12-17	11539.51
2022-12-18	11539.51
2022-12-19	11541.74
2022-12-20	11537.26
2022-12-21	11534.89
2022-12-22	11541.4
2022-12-23	11547.98
2022-12-24	11547.98
2022-12-25	11547.98
2022-12-26	11547.82
2022-12-27	11547.77
2022-12-28	11551.96
2022-12-29	11552.71
2022-12-30	11567.01
2022-12-31	11567.01
2023-01-01	11567.01
2023-01-02	11566.86
2023-01-03	11572.44
2023-01-04	11567.17
2023-01-05	11562.9
2023-01-06	11564.29
2023-01-07	11564.29
2023-01-08	11564.29
2023-01-09	11570.55
2023-01-10	11578.87
2023-01-11	11587.86
2023-01-12	11600.67
2023-01-13	11608.79
2023-01-14	11608.79
2023-01-15	11608.79
2023-01-16	11619.07
2023-01-17	11622.44
2023-01-18	11627.78
2023-01-19	11632.66
2023-01-20	11632.44
2023-01-21	11632.44
2023-01-22	11632.44
2023-01-23	11637.03
2023-01-24	11641.44
2023-01-25	11648.39
2023-01-26	11648.34
2023-01-27	11645.22
2023-01-28	11645.22
2023-01-29	11645.22
2023-01-30	11662.35
2023-01-31	11665.02
2023-02-01	11672.04
2023-02-02	11674.23
2023-02-03	11698.28
2023-02-04	11698.28
2023-02-05	11698.28
2023-02-06	11705.91
2023-02-07	11709.18
2023-02-08	11707.67
2023-02-09	11711.48
2023-02-10	11710.89
2023-02-11	11710.89
2023-02-12	11710.89
2023-02-13	11706.63
2023-02-14	11703.5
2023-02-15	11709.57
2023-02-16	11711.34
2023-02-17	11713.04
2023-02-18	11713.04
2023-02-19	11713.04
2023-02-20	11707.04
2023-02-21	11708.73
2023-02-22	11703.9
2023-02-23	11698.29
2023-02-24	11700.54
2023-02-25	11700.54
2023-02-26	11700.54
2023-02-27	11700.29
2023-02-28	11701.03
2023-03-01	11700.16
2023-03-02	11708.87
2023-03-03	11717.57
2023-03-04	11717.57
2023-03-05	11717.57
2023-03-06	11730.87
2023-03-07	11731.25
2023-03-08	11733.33
2023-03-09	11726.58
2023-03-10	11719.07
2023-03-11	11719.07
2023-03-12	11719.07
2023-03-13	11721.77
2023-03-14	11681.24
2023-03-15	11625.38
2023-03-16	11568.13
2023-03-17	11572.85
2023-03-18	11572.85
2023-03-19	11572.85
2023-03-20	11564.05
2023-03-21	11579.66
2023-03-22	11629.18
2023-03-23	11641.56
2023-03-24	11633.79
2023-03-25	11633.79
2023-03-26	11633.79
2023-03-27	11615.1
2023-03-28	11624.34
2023-03-29	11627.83
2023-03-30	11639.87
2023-03-31	11664.03
2023-04-01	11664.03
2023-04-02	11664.03
2023-04-03	11673.79
2023-04-04	11678.41
2023-04-05	11680.22
2023-04-06	11669.27
2023-04-07	11672.57
2023-04-08	11672.57
2023-04-09	11672.57
2023-04-10	11672.41
2023-04-11	11679.95
2023-04-12	11688.34
2023-04-13	11690.53
2023-04-14	11699.06
2023-04-15	11699.06
2023-04-16	11699.06
2023-04-17	11706.74
2023-04-18	11717.47
2023-04-19	11724.87
2023-04-20	11727.63
2023-04-21	11725.09
2023-04-22	11725.09
2023-04-23	11725.09
2023-04-24	11721.2
2023-04-25	11721.79
2023-04-26	11731.73
2023-04-27	11714.1
2023-04-28	11720.82
2023-04-29	11720.82
2023-04-30	11720.82
2023-05-01	11724.47
2023-05-02	11723.29
2023-05-03	11706.98
2023-05-04	11706.64
2023-05-05	11693.71
2023-05-06	11693.71
2023-05-07	11693.71
2023-05-08	11701.3
2023-05-09	11704.13
2023-05-10	11702.51
2023-05-11	11702.77
2023-05-12	11704.61
2023-05-13	11704.61
2023-05-14	11704.61
2023-05-15	11712.48
2023-05-16	11707.86
2023-05-17	11704.29
2023-05-18	11704.91
2023-05-19	11720.89
2023-05-20	11720.89
2023-05-21	11720.89
2023-05-22	11728.52
2023-05-23	11735.26
2023-05-24	11738.03
2023-05-25	11735.59
2023-05-26	11748.98
2023-05-27	11748.98
2023-05-28	11748.98
2023-05-29	11756.13
2023-05-30	11756.19
2023-05-31	11761.6
2023-06-01	11756.23
2023-06-02	11773.26
2023-06-03	11773.26
2023-06-04	11773.26
2023-06-05	11775.38
2023-06-06	11779.52
2023-06-07	11781.78
2023-06-08	11787.2
2023-06-09	11789.36
2023-06-10	11789.36
2023-06-11	11789.36
2023-06-12	11789.21
2023-06-13	11797.5
2023-06-14	11808.72
2023-06-15	11811.38
2023-06-16	11818.04
2023-06-17	11818.04
2023-06-18	11818.04
2023-06-19	11821.2
2023-06-20	11827.05
2023-06-21	11828.93
2023-06-22	11830.83
2023-06-23	11825.39
2023-06-24	11825.39
2023-06-25	11825.39
2023-06-26	11832.7
2023-06-27	11831.44
2023-06-28	11838.2
2023-06-29	11849.95
2023-06-30	11854.04
2023-07-01	11854.04
2023-07-02	11854.04
2023-07-03	11855.31
2023-07-04	11860.1
2023-07-05	11860.42
2023-07-06	11862.43
2023-07-07	11847.33
2023-07-08	11847.33
2023-07-09	11847.33
2023-07-10	11837.93
2023-07-11	11842.2
2023-07-12	11856.28
2023-07-13	11867.75
2023-07-14	11879.08
2023-07-15	11879.08
2023-07-16	11879.08
2023-07-17	11890.3
2023-07-18	11898.44
2023-07-19	11905.32
2023-07-20	11918.13
2023-07-21	11915.18
2023-07-22	11915.18
2023-07-23	11915.18
2023-07-24	11919.67
2023-07-25	11928.02
2023-07-26	11928.73
2023-07-27	11938.54
2023-07-28	11956.34
2023-07-29	11956.34
2023-07-30	11956.34
2023-07-31	11955.8
2023-08-01	11962.3
2023-08-02	11976.34
2023-08-03	11985.23
2023-08-04	11999.91
2023-08-05	11999.91
2023-08-06	11999.91
2023-08-07	11996.13
2023-08-08	12004.68
2023-08-09	12000.15
2023-08-10	12005.2
2023-08-11	12012.82
2023-08-12	12012.82
2023-08-13	12012.82
2023-08-14	12014.02
2023-08-15	12012.16
2023-08-16	12008.94
2023-08-17	12006.51
2023-08-18	11999.32
2023-08-19	11999.32
2023-08-20	11999.32
2023-08-21	12002.15
2023-08-22	12004.94
2023-08-23	12003.4
2023-08-24	12003.78
2023-08-25	12005.79
2023-08-26	12005.79
2023-08-27	12005.79
2023-08-28	12005.41
2023-08-29	12006.07
2023-08-30	12017.57
2023-08-31	12021.23
2023-09-01	12025.22
2023-09-02	12025.22
2023-09-03	12025.22
2023-09-04	12032.88
2023-09-05	12037.68
2023-09-06	12044.4
2023-09-07	12044.0
2023-09-08	12047.97
2023-09-09	12047.97
2023-09-10	12047.97
2023-09-11	12049.59
2023-09-12	12053.01
2023-09-13	12054.79
2023-09-14	12055.34
2023-09-15	12058.59
2023-09-16	12058.59
2023-09-17	12058.59
2023-09-18	12060.64
2023-09-19	12063.86
2023-09-20	12065.2
2023-09-21	12065.71
2023-09-22	12066.83
2023-09-23	12066.83
2023-09-24	12066.83
2023-09-25	12069.06
2023-09-26	12071.73
2023-09-27	12072.11
2023-09-28	12069.0
2023-09-29	12066.31
2023-09-30	12066.31
2023-10-01	12066.31
2023-10-02	12054.19
2023-10-03	12072.52
2023-10-04	12065.7
2023-10-05	12052.04
2023-10-06	12057.95
2023-10-07	12057.95
2023-10-08	12057.95
2023-10-09	12056.83
2023-10-10	12063.81
2023-10-11	12066.33
2023-10-12	12072.78
2023-10-13	12086.75
2023-10-14	12086.75
2023-10-15	12086.75
2023-10-16	12104.35
2023-10-17	12091.79
2023-10-18	12086.18
2023-10-19	12076.71
2023-10-20	12096.21
2023-10-21	12096.21
2023-10-22	12096.21
2023-10-23	12089.05
2023-10-24	12109.19
2023-10-25	12089.51
2023-10-26	12076.16
2023-10-27	12099.19
2023-10-28	12099.19
2023-10-29	12099.19
2023-10-30	12085.67
2023-10-31	12097.1
2023-11-01	12110.53
2023-11-02	12135.24
2023-11-03	12130.06
2023-11-04	12130.06
2023-11-05	12130.06
2023-11-06	12129.97
2023-11-07	12135.45
2023-11-08	12153.44
2023-11-09	12145.16
2023-11-10	12111.81
2023-11-11	12111.81
2023-11-12	12111.81
2023-11-13	12114.97
2023-11-14	12122.31
2023-11-15	12148.87
2023-11-16	12129.45
2023-11-17	12153.13
2023-11-18	12153.13
2023-11-19	12153.13
2023-11-20	12142.39
2023-11-21	12162.35
2023-11-22	12161.74
2023-11-23	12161.43
2023-11-24	12160.98
2023-11-25	12160.98
2023-11-26	12160.98
2023-11-27	12164.73
2023-11-28	12183.47
2023-11-29	12199.43
2023-11-30	12185.97
2023-12-01	12186.75
2023-12-02	12186.75
2023-12-03	12186.75
2023-12-04	12213.12
2023-12-05	12224.23
2023-12-06	12243.83
2023-12-07	12228.75
2023-12-08	12243.93
2023-12-09	12243.93
2023-12-10	12243.93
2023-12-11	12238.14
2023-12-12	12248.28
2023-12-13	12253.12
2023-12-14	12283.73
2023-12-15	12276.17
2023-12-16	12276.17
2023-12-17	12276.17
2023-12-18	12297.0
2023-12-19	12288.59
2023-12-20	12311.8
2023-12-21	12313.1
2023-12-22	12311.8
2023-12-23	12311.8
2023-12-24	12311.8
2023-12-25	12311.75
2023-12-26	12311.73
2023-12-27	12322.76
2023-12-28	12334.66
2023-12-29	12337.13
2023-12-30	12337.13
2023-12-31	12337.13
2024-01-01	12337.07
2024-01-02	12342.93
2024-01-03	12338.54
2024-01-04	12349.17
2024-01-05	12336.01
2024-01-06	12336.01
2024-01-07	12336.01
2024-01-08	12339.1
2024-01-09	12347.82
2024-01-10	12341.69
2024-01-11	12345.92
2024-01-12	12353.48
2024-01-13	12353.48
2024-01-14	12353.48
2024-01-15	12356.85
2024-01-16	12349.94
2024-01-17	12350.02
2024-01-18	12336.68
2024-01-19	12339.47
2024-01-20	12339.47
2024-01-21	12339.47
2024-01-22	12354.61
2024-01-23	12359.44
2024-01-24	12353.29
2024-01-25	12360.22
2024-01-26	12360.2
2024-01-27	12360.2
2024-01-28	12360.2
2024-01-29	12373.5
2024-01-30	12383.48
2024-01-31	12398.96
2024-02-01	12392.38
2024-02-02	12404.46
2024-02-03	12404.46
2024-02-04	12404.46
2024-02-05	12389.18
2024-02-06	12403.5
2024-02-07	12413.98
2024-02-08	12406.86
2024-02-09	12403.27
2024-02-10	12403.27
2024-02-11	12403.27
2024-02-12	12403.72
2024-02-13	12409.27
2024-02-14	12390.56
2024-02-15	12427.21
2024-02-16	12405.65
2024-02-17	12405.65
2024-02-18	12405.65
2024-02-19	12423.06
2024-02-20	12422.82
2024-02-21	12429.08
2024-02-22	12430.59
2024-02-23	12429.7
2024-02-24	12429.7
2024-02-25	12429.7
2024-02-26	12449.26
2024-02-27	12439.78
2024-02-28	12444.2
2024-02-29	12455.15
2024-03-01	12454.26
2024-03-02	12454.26
2024-03-03	12454.26
2024-03-04	12466.76
2024-03-05	12474.43
2024-03-06	12488.4
2024-03-07	12484.39
2024-03-08	12493.58
2024-03-09	12493.58
2024-03-10	12493.58
2024-03-11	12499.83
2024-03-12	12502.38
2024-03-13	12492.52
2024-03-14	12498.33
2024-03-15	12491.25
2024-03-16	12491.25
2024-03-17	12491.25
2024-03-18	12505.9
2024-03-19	12510.23
2024-03-20	12515.58
2024-03-21	12509.9
2024-03-22	12526.03
2024-03-23	12526.03
2024-03-24	12526.03
2024-03-25	12529.8
2024-03-26	12524.16
2024-03-27	12534.12
2024-03-28	12540.34
2024-03-29	12540.32
2024-03-30	12540.32
2024-03-31	12540.32
2024-04-01	12540.26
2024-04-02	12527.12
2024-04-03	12529.54
2024-04-04	12537.79
2024-04-05	12564.83
2024-04-06	12564.83
2024-04-07	12564.83
2024-04-08	12544.38
2024-04-09	12560.57
2024-04-10	12571.05
2024-04-11	12544.49
2024-04-12	12552.98
2024-04-13	12552.98
2024-04-14	12552.98
2024-04-15	12564.43
2024-04-16	12550.9
2024-04-17	12541.65
2024-04-18	12565.86
2024-04-19	12552.77
2024-04-20	12552.77
2024-04-21	12552.77
2024-04-22	12541.8
2024-04-23	12564.5
2024-04-24	12538.53
2024-04-25	12538.51
2024-04-26	12535.25
2024-04-27	12535.25
2024-04-28	12535.25
2024-04-29	12552.15
2024-04-30	12567.65
2024-05-01	12553.61
2024-05-02	12574.19
2024-05-03	12577.86
2024-05-04	12577.86
2024-05-05	12577.86
2024-05-06	12592.93
2024-05-07	12606.45
2024-05-08	12605.71
2024-05-09	12596.71
2024-05-10	12604.07
2024-05-11	12604.07
2024-05-12	12604.07
2024-05-13	12603.02
2024-05-14	12612.48
2024-05-15	12618.08
2024-05-16	12640.2
2024-05-17	12630.8
2024-05-18	12630.8
2024-05-19	12630.8
2024-05-20	12635.78
2024-05-21	12641.36
2024-05-22	12640.12
2024-05-23	12648.11
2024-05-24	12641.89
2024-05-25	12641.89
2024-05-26	12641.89
2024-05-27	12654.96
2024-05-28	12653.97
2024-05-29	12636.77
2024-05-30	12652.29
2024-05-31	12656.36
2024-06-01	12656.36
2024-06-02	12656.36
2024-06-03	12670.18
2024-06-04	12685.93
2024-06-05	12691.37
2024-06-06	12687.48
2024-06-07	12690.93
2024-06-08	12690.93
2024-06-09	12690.93
2024-06-10	12690.88
2024-06-11	12685.35
2024-06-12	12701.08
2024-06-13	12709.32
2024-06-14	12708.4
2024-06-15	12708.4
2024-06-16	12708.4
2024-06-17	12714.61
2024-06-18	12709.61
2024-06-19	12711.24
2024-06-20	12705.94
2024-06-21	12729.62
2024-06-22	12729.62
2024-06-23	12729.62
2024-06-24	12731.64
2024-06-25	12739.24
2024-06-26	12718.85
2024-06-27	12718.06
2024-06-28	12742.51
2024-06-29	12742.51
2024-06-30	12742.51
2024-07-01	12722.06
2024-07-02	12730.78
2024-07-03	12728.35
2024-07-04	12735.26
2024-07-05	12738.09
2024-07-06	12738.09
2024-07-07	12738.09
2024-07-08	12751.64
2024-07-09	12757.82
2024-07-10	12762.39
2024-07-11	12763.05
2024-07-12	12773.18
2024-07-13	12773.18
2024-07-14	12773.18
2024-07-15	12776.4
2024-07-16	12792.23
2024-07-17	12793.27
2024-07-18	12807.0
2024-07-19	12800.97
2024-07-20	12800.97
2024-07-21	12800.97
2024-07-22	12797.93
2024-07-23	12801.85
2024-07-24	12810.48
2024-07-25	12811.23
2024-07-26	12811.39
2024-07-27	12811.39
2024-07-28	12811.39
2024-07-29	12818.34
2024-07-30	12817.82
2024-07-31	12845.7
2024-08-01	12843.12
2024-08-02	12853.68
2024-08-03	12853.68
2024-08-04	12853.68
2024-08-05	12894.1
2024-08-06	12830.2
2024-08-07	12835.85
2024-08-08	12846.49
2024-08-09	12849.29
2024-08-10	12849.29
2024-08-11	12849.29
2024-08-12	12853.81
2024-08-13	12863.77
2024-08-14	12870.28
2024-08-15	12869.96
2024-08-16	12858.82
2024-08-17	12858.82
2024-08-18	12858.82
2024-08-19	12865.78
2024-08-20	12865.78
2024-08-21	12879.18
2024-08-22	12879.76
2024-08-23	12872.58
2024-08-24	12872.58
2024-08-25	12872.58
2024-08-26	12892.63
2024-08-27	12877.33
2024-08-28	12885.91
2024-08-29	12888.5
2024-08-30	12892.25
2024-08-31	12892.25
2024-09-01	12892.25
2024-09-02	12886.02
2024-09-03	12903.96
2024-09-04	12913.33
2024-09-05	12922.22
2024-09-06	12925.35
2024-09-07	12925.35
2024-09-08	12925.35
2024-09-09	12911.35
2024-09-10	12929.79
2024-09-11	12936.34
2024-09-12	12933.11
2024-09-13	12944.75
2024-09-14	12944.75
2024-09-15	12944.75
2024-09-16	12954.91
2024-09-17	12955.09
2024-09-18	12952.21
2024-09-19	12946.79
2024-09-20	12953.6
2024-09-21	12953.6
2024-09-22	12953.6
2024-09-23	12950.03
2024-09-24	12970.17
2024-09-25	12962.39
2024-09-26	12963.27
2024-09-27	12960.4
2024-09-28	12960.4
2024-09-29	12960.4
2024-09-30	12965.17
2024-10-01	12966.69
2024-10-02	12976.86
2024-10-03	12964.64
2024-10-04	12962.04
2024-10-05	12962.04
2024-10-06	12962.04
2024-10-07	12962.04
2024-10-08	12973.37
2024-10-09	12980.43
2024-10-10	12983.59
2024-10-11	12993.05
2024-10-12	12993.05
2024-10-13	12993.05
2024-10-14	12987.66
2024-10-15	13007.07
2024-10-16	13016.8
2024-10-17	13013.91
2024-10-18	13008.76
2024-10-19	13008.76
2024-10-20	13008.76
2024-10-21	13020.02
2024-10-22	13005.52
2024-10-23	13020.3
2024-10-24	13023.06
2024-10-25	13030.25
2024-10-26	13030.25
2024-10-27	13030.25
2024-10-28	13025.13
2024-10-29	13033.32
2024-10-30	13037.12
2024-10-31	13033.57
2024-11-01	13034.06
2024-11-02	13034.06
2024-11-03	13034.06
2024-11-04	13045.6
2024-11-05	13044.43
2024-11-06	13041.69
2024-11-07	13040.73
2024-11-08	13062.18
2024-11-09	13062.18
2024-11-10	13062.18
2024-11-11	13057.13
2024-11-12	13063.22
2024-11-13	13049.52
2024-11-14	13066.26
2024-11-15	13079.3
2024-11-16	13079.3
2024-11-17	13079.3
2024-11-18	13079.91
2024-11-19	13081.09
2024-11-20	13079.49
2024-11-21	13073.15
2024-11-22	13082.91
2024-11-23	13082.91
2024-11-24	13082.91
2024-11-25	13089.2
2024-11-26	13092.73
2024-11-27	13097.7
2024-11-28	13101.47
2024-11-29	13107.16
2024-11-30	13107.16
2024-12-01	13107.16
2024-12-02	13097.93
2024-12-03	13105.71
2024-12-04	13112.08
2024-12-05	13116.44
2024-12-06	13109.0
2024-12-07	13109.0
2024-12-08	13109.0
2024-12-09	13116.94
2024-12-10	13136.7
2024-12-11	13123.93
2024-12-12	13119.77
2024-12-13	13118.98
2024-12-14	13118.98
2024-12-15	13118.98
2024-12-16	13120.68
2024-12-17	13130.14
2024-12-18	13134.92
2024-12-19	13118.19
2024-12-20	13119.96
2024-12-21	13119.96
2024-12-22	13119.96
2024-12-23	13147.9
2024-12-24	13142.8
2024-12-25	13142.73
2024-12-26	13142.67
2024-12-27	13156.15
2024-12-28	13156.15
2024-12-29	13156.15
2024-12-30	13148.89
2024-12-31	13182.1
2025-01-01	13182.04
2025-01-02	13162.47
2025-01-03	13178.88
2025-01-04	13178.88
2025-01-05	13178.88
2025-01-06	13164.88
2025-01-07	13172.03
2025-01-08	13166.32
2025-01-09	13174.05
2025-01-10	13170.99
2025-01-11	13170.99
2025-01-12	13170.99
2025-01-13	13160.9
2025-01-14	13174.33
2025-01-15	13167.56
2025-01-16	13188.68
2025-01-17	13181.57
2025-01-18	13181.57
2025-01-19	13181.57
2025-01-20	13187.62
2025-01-21	13213.42
2025-01-22	13200.74
2025-01-23	13209.07
2025-01-24	13214.95
2025-01-25	13214.95
2025-01-26	13214.95
2025-01-27	13214.76
2025-01-28	13232.4
2025-01-29	13242.15
2025-01-30	13240.5
2025-01-31	13237.17
2025-02-01	13237.17
2025-02-02	13237.17
2025-02-03	13254.41
2025-02-04	13251.73
2025-02-05	13258.37
2025-02-06	13261.14
2025-02-07	13252.83
2025-02-08	13252.83
2025-02-09	13252.83
2025-02-10	13255.52
2025-02-11	13261.35
2025-02-12	13248.33
2025-02-13	13262.0
2025-02-14	13276.3
2025-02-15	13276.3
2025-02-16	13276.3
2025-02-17	13270.1
2025-02-18	13266.33
2025-02-19	13275.94
2025-02-20	13279.04
2025-02-21	13281.28
2025-02-22	13281.28
2025-02-23	13281.28
2025-02-24	13300.86
2025-02-25	13301.85
2025-02-26	13304.71
2025-02-27	13309.35
2025-02-28	13318.94
2025-03-01	13318.94
2025-03-02	13318.94
2025-03-03	13309.89
2025-03-04	13334.05
2025-03-05	13313.07
2025-03-06	13295.65
2025-03-07	13328.41
2025-03-08	13328.41
2025-03-09	13328.41
2025-03-10	13325.11
2025-03-11	13334.02
2025-03-12	13327.81
2025-03-13	13322.98
2025-03-14	13312.78
2025-03-15	13312.78
2025-03-16	13312.78
2025-03-17	13315.58
2025-03-18	13313.78
2025-03-19	13303.68
2025-03-20	13319.86
2025-03-21	13316.94
2025-03-22	13316.94
2025-03-23	13316.94
2025-03-24	13328.33
2025-03-25	13335.25
2025-03-26	13331.59
2025-03-27	13335.56
2025-03-28	13351.86
2025-03-29	13351.86
2025-03-30	13351.86
2025-03-31	13361.58
2025-04-01	13355.01
2025-04-02	13350.6
2025-04-03	13377.98
2025-04-04	13371.2
2025-04-05	13371.2
2025-04-06	13371.2
2025-04-07	13364.85
2025-04-08	13268.81
2025-04-09	13268.17
2025-04-10	13290.73
2025-04-11	13283.73
2025-04-12	13283.73
2025-04-13	13283.73
2025-04-14	13295.47
2025-04-15	13309.81
2025-04-16	13308.5
2025-04-17	13333.11
2025-04-18	13333.05
2025-04-19	13333.05
2025-04-20	13333.05
2025-04-21	13332.85
2025-04-22	13360.44
2025-04-23	13349.38
2025-04-24	13351.14
2025-04-25	13351.07
2025-04-26	13351.07
2025-04-27	13351.07
2025-04-28	13371.23
2025-04-29	13363.17
2025-04-30	13369.53
2025-05-01	13365.96
2025-05-02	13367.14
2025-05-03	13367.14
2025-05-04	13367.14
2025-05-05	13356.36
2025-05-06	13364.57
2025-05-07	13385.26
2025-05-08	13385.04
2025-05-09	13376.95
2025-05-10	13376.95
2025-05-11	13376.95
2025-05-12	13374.11
2025-05-13	13380.59
2025-05-14	13387.18
2025-05-15	13385.66
2025-05-16	13404.98
2025-05-17	13404.98
2025-05-18	13404.98
2025-05-19	13391.29
2025-05-20	13429.79
2025-05-21	13418.05
2025-05-22	13423.05
2025-05-23	13421.87
2025-05-24	13421.87
2025-05-25	13421.87
2025-05-26	13429.74
2025-05-27	13438.5
2025-05-28	13417.45
2025-05-29	13412.32
2025-05-30	13443.1
2025-05-31	13443.1
2025-06-01	13443.1
2025-06-02	13431.39
2025-06-03	13437.46
2025-06-04	13435.94
2025-06-05	13436.7
2025-06-06	13454.77
2025-06-07	13454.77
2025-06-08	13454.77
2025-06-09	13454.57
2025-06-10	13460.36
2025-06-11	13452.81
2025-06-12	13462.04
2025-06-13	13467.18
2025-06-14	13467.18
2025-06-15	13467.18
2025-06-16	13453.21
2025-06-17	13453.53
2025-06-18	13461.77
2025-06-19	13463.82
2025-06-20	13469.72
2025-06-21	13469.72
2025-06-22	13469.72
2025-06-23	13494.09
2025-06-24	13514.21
2025-06-25	13517.62
2025-06-26	13520.22
2025-06-27	13521.65
2025-06-28	13521.65
2025-06-29	13521.65
2025-06-30	13524.22
2025-07-01	13540.47
2025-07-02	13530.57
2025-07-03	13530.67
2025-07-04	13537.82
2025-07-05	13537.82
2025-07-06	13537.82
2025-07-07	13553.39
2025-07-08	13535.81
2025-07-09	13543.68
2025-07-10	13562.21
2025-07-11	13551.14
2025-07-12	13551.14
2025-07-13	13551.14
2025-07-14	13555.63
2025-07-15	13554.23
2025-07-16	13555.23
2025-07-17	13574.78
2025-07-18	13564.24
2025-07-19	13564.24
2025-07-20	13564.24
2025-07-21	13572.78
2025-07-22	13572.08
2025-07-23	13571.54
2025-07-24	13562.3
2025-07-25	13577.33
2025-07-26	13577.33
2025-07-27	13577.33
2025-07-28	13581.42
2025-07-29	13579.99
2025-07-30	13599.7
2025-07-31	13593.88
2025-08-01	13598.33
2025-08-02	13598.33
2025-08-03	13598.33
2025-08-04	13627.57
2025-08-05	13641.78
2025-08-06	13641.02
2025-08-07	13648.93
2025-08-08	13652.11
2025-08-09	13652.11
2025-08-10	13652.11
2025-08-11	13663.15
2025-08-12	13676.06
2025-08-13	13675.82
2025-08-14	13677.21
2025-08-15	13678.97
2025-08-16	13678.97
2025-08-17	13678.97
2025-08-18	13674.3
2025-08-19	13680.34
2025-08-20	13692.07
2025-08-21	13691.41
2025-08-22	13685.6
2025-08-23	13685.6
2025-08-24	13685.6
2025-08-25	13698.46
2025-08-26	13692.17
2025-08-27	13701.45
2025-08-28	13706.47
2025-08-29	13709.82
2025-08-30	13709.82
2025-08-31	13709.82
2025-09-01	13696.96
2025-09-02	13699.6
2025-09-03	13695.73
2025-09-04	13707.78
2025-09-05	13707.03
2025-09-06	13707.03
2025-09-07	13707.03
2025-09-08	13722.65
2025-09-09	13726.45
2025-09-10	13730.88
2025-09-11	13741.03
2025-09-12	13736.12
2025-09-13	13736.12
2025-09-14	13736.12
2025-09-15	13730.0
2025-09-16	13744.16
2025-09-17	13741.51
2025-09-18	13748.99
2025-09-19	13736.69
2025-09-20	13736.69
2025-09-21	13736.69
2025-09-22	13739.71
2025-09-23	13744.27
2025-09-24	13744.25
2025-09-25	13748.79
2025-09-26	13743.75
2025-09-27	13743.75
2025-09-28	13743.75
2025-09-29	13756.34
2025-09-30	13753.41
2025-10-01	13736.62
2025-10-02	13756.86
2025-10-03	13761.72
2025-10-04	13761.72
2025-10-05	13761.72
2025-10-06	13735.12
2025-10-07	13771.6
2025-10-08	13773.45
2025-10-09	13777.64
2025-10-10	13769.76
2025-10-11	13769.76
2025-10-12	13769.76
2025-10-13	13782.01
2025-10-14	13784.1
2025-10-15	13777.79
2025-10-16	13792.37
2025-10-17	13794.86
2025-10-18	13794.86
2025-10-19	13794.86
2025-10-20	13790.04
2025-10-21	13808.12
2025-10-22	13807.74
2025-10-23	13805.08
2025-10-24	13809.98
2025-10-25	13809.98
2025-10-26	13809.98
2025-10-27	13808.35
2025-10-28	13812.76
2025-10-29	13798.41
2025-10-30	13792.08
2025-10-31	13807.89
2025-11-01	13807.89
2025-11-02	13807.89
2025-11-03	13809.0
2025-11-04	13806.34
2025-11-05	13824.69
2025-11-06	13803.79
2025-11-07	13825.16
2025-11-08	13825.16
2025-11-09	13825.16
2025-11-10	13810.53
2025-11-11	13821.67
2025-11-12	13821.94
2025-11-13	13811.94
2025-11-14	13811.56
2025-11-15	13811.56
2025-11-16	13811.56
2025-11-17	13811.69
2025-11-18	13825.94
2025-11-19	13827.74
2025-11-20	13814.61
2025-11-21	13818.05
2025-11-22	13818.05
2025-11-23	13818.05
2025-11-24	13831.74
2025-11-25	13827.93
2025-11-26	13805.81
2025-11-27	13829.89
2025-11-28	13823.49
2025-11-29	13823.49
2025-11-30	13823.49
2025-12-01	13808.23
2025-12-02	13823.53
2025-12-03	13822.55
2025-12-04	13817.51
2025-12-05	13830.43
2025-12-06	13830.43
2025-12-07	13830.43
2025-12-08	13822.65
2025-12-09	13813.28
2025-12-10	13817.78
2025-12-11	13848.2
2025-12-12	13835.92
2025-12-13	13835.92
2025-12-14	13835.92
2025-12-15	13836.65
2025-12-16	13836.59
2025-12-17	13838.62
2025-12-18	13845.92
2025-12-19	13842.67
2025-12-20	13842.67
2025-12-21	13842.67
2025-12-22	13848.03
2025-12-23	13863.3
2025-12-24	13876.97
2025-12-25	13876.94
2025-12-26	13876.92
2025-12-27	13876.92
2025-12-28	13876.92
2025-12-29	13871.31
2025-12-30	13881.62
2025-12-31	13886.76
2026-01-01	13886.74
2026-01-02	13870.86
2026-01-03	13870.86
2026-01-04	13870.86
2026-01-05	13895.02
2026-01-06	13892.28
2026-01-07	13895.51
2026-01-08	13911.57
2026-01-09	13897.12
2026-01-10	13897.12
2026-01-11	13897.12
2026-01-12	13902.05
2026-01-13	13904.65
2026-01-14	13901.32
2026-01-15	13913.64
2026-01-16	13906.83
2026-01-17	13906.83
2026-01-18	13906.83
2026-01-19	13906.72
2026-01-20	13912.1
2026-01-21	13920.17
2026-01-22	13917.57
2026-01-23	13920.93
2026-01-24	13920.93
2026-01-25	13920.93
2026-01-26	13920.86
2026-01-27	13920.02
2026-01-28	13934.48
2026-01-29	13931.03
2026-01-30	13951.86
2026-01-31	13951.86
2026-02-01	13951.86
2026-02-02	13943.77
2026-02-03	13945.26
2026-02-04	13946.21
2026-02-05	13955.21
2026-02-06	13978.8
2026-02-07	13978.8
2026-02-08	13978.8
2026-02-09	13963.63
2026-02-10	13976.28
2026-02-11	13979.8
2026-02-12	13962.87
2026-02-13	13975.79
2026-02-14	13975.79
2026-02-15	13975.79
2026-02-16	13979.52
2026-02-17	13975.17
2026-02-18	13967.09
2026-02-19	13956.08
2026-02-20	13978.71
2026-02-21	13978.71
2026-02-22	13978.71
2026-02-23	13970.63
2026-02-24	13977.62
2026-02-25	13968.1
2026-02-26	13971.15
2026-02-27	13983.15
2026-02-28	13983.15
2026-03-01	13983.15
2026-03-02	13978.04
2026-03-03	13939.68
2026-03-04	13965.8
2026-03-05	13953.6
2026-03-06	13958.47
2026-03-07	13958.47
2026-03-08	13958.47
2026-03-09	13938.14
2026-03-10	13967.71
2026-03-11	13956.0
2026-03-12	13936.64
2026-03-13	13947.92
2026-03-14	13947.92
2026-03-15	13947.92
2026-03-16	13935.49
2026-03-17	13953.45
2026-03-18	13951.61
2026-03-19	13923.56
2026-03-20	13914.01
2026-03-21	13914.01
2026-03-22	13914.01
2026-03-23	13911.83
2026-03-24	13923.06
2026-03-25	13943.91
2026-03-26	13928.25
2026-03-27	13906.11
2026-03-28	13906.11
2026-03-29	13906.11
2026-03-30	13930.92
2026-03-31	13948.51
2026-04-01	13944.14
2026-04-02	13908.87
2026-04-03	13908.84
2026-04-04	13908.84
2026-04-05	13908.84
2026-04-06	13908.78
2026-04-07	13938.68
2026-04-08	13962.05
2026-04-09	13940.93
2026-04-10	13935.99
2026-04-11	13935.99
2026-04-12	13935.99
2026-04-13	13940.95
2026-04-14	13957.77
2026-04-15	13953.3
2026-04-16	13952.6
2026-04-17	13954.06
2026-04-18	13954.06
2026-04-19	13954.06
2026-04-20	13984.16
2026-04-21	14008.95
2026-04-22	14001.85
2026-04-23	13996.36
2026-04-24	14006.42
2026-04-25	14006.42
2026-04-26	14006.42
2026-04-27	14006.42
2026-04-28	14003.33
2026-04-29	14010.11
2026-04-30	13996.6
2026-05-01	14018.07
2026-05-02	14018.07
2026-05-03	14018.07
2026-05-04	14022.86
2026-05-05	14023.33
2026-05-06	14024.34
2026-05-07	14030.13
2026-05-08	14021.37
2026-05-09	14021.37
2026-05-10	14021.37
2026-05-11	14029.68
2026-05-12	14022.94
2026-05-13	14027.55
2026-05-14	14048.65
2026-05-15	14031.82
2026-05-16	14031.82
2026-05-17	14031.82
2026-05-18	14040.15
2026-05-19	14062.07
2026-05-20	14056.82
2026-05-21	14082.83
2026-05-22	14076.58
2026-05-23	14076.58
2026-05-24	14076.58
2026-05-25	14085.67
2026-05-26	14078.83
2026-05-27	14093.61
2026-05-28	14083.31
2026-05-29	14106.59
2026-05-30	14106.59
2026-05-31	14106.59
2026-06-01	14088.91
2026-06-02	14098.83
2026-06-03	14097.03
2026-06-04	14100.29
2026-06-05	14103.5
2026-06-06	14103.5
2026-06-07	14103.5
2026-06-08	14103.43
2026-06-09	14110.81
2026-06-10	14113.04
2026-06-11	14110.4
2026-06-12	14132.2
2026-06-13	14132.2
2026-06-14	14132.2
2026-06-15	14118.09
2026-06-16	14121.6
2026-06-17	14142.39
2026-06-18	14136.58
2026-06-19	14131.09
2026-06-20	14131.09
2026-06-21	14131.09
2026-06-22	14144.74
2026-06-23	14162.76
2026-06-24	14169.37
2026-06-25	14233.35
2026-06-26	14236.23
2026-06-27	14236.23
2026-06-28	14236.23
2026-06-29	14230.75
2026-06-30	14241.54
2026-07-01	14233.49
2026-07-02	14235.97
2026-07-03	14253.3
2026-07-04	14253.3
2026-07-05	14253.3
2026-07-06	14259.05
2026-07-07	14257.96
2026-07-08	14259.09
2026-07-09	14270.38
2026-07-10	14272.83
2026-07-11	14272.83
2026-07-12	14272.83
2026-07-13	14267.13
2026-07-14	14271.49
2026-07-15	14267.18
2026-07-16	14269.54
2026-07-17	14277.79
2026-07-18	14277.79
2026-07-19	14277.79
2026-07-20	14274.74
2026-07-21	14278.84
2026-07-22	14285.72
2026-07-23	14275.16
2026-07-24	14285.21
2026-07-25	14285.21
2026-07-26	14285.21
2026-07-27	14274.96
2026-07-28	14289.76
2026-07-29	14288.2
2026-07-30	14304.02
2026-07-31	14292.41
2026-08-01	14292.41
2026-08-02	14292.41
2026-08-03	14317.11
2026-08-04	14318.34
2026-08-05	14310.31
2026-08-06	14321.97
2026-08-07	14327.12
2026-08-08	14327.12
2026-08-09	14327.12
2026-08-10	14327.08
2026-08-11	14328.68
2026-08-12	14329.3
2026-08-13	14321.84
2026-08-14	14328.83
2026-08-15	14328.83
2026-08-16	14328.83
2026-08-17	14335.83
2026-08-18	14334.34
2026-08-19	14334.32
2026-08-20	14330.82
2026-08-21	14338.34
2026-08-22	14338.34
2026-08-23	14338.34
2026-08-24	14338.34
2026-08-25	14348.76
2026-08-26	14336.75
2026-08-27	14342.52
2026-08-28	14338.34
2026-08-29	14338.34
2026-08-30	14338.34
2026-08-31	14347.3
2026-09-01	14341.11
2026-09-02	14340.53
2026-09-03	14340.01
2026-09-04	14339.73
2026-09-05	14339.73
2026-09-06	14339.73
2026-09-07	14344.84
2026-09-08	14347.91
2026-09-09	14349.51
2026-09-10	14336.78
2026-09-11	14352.47
2026-09-12	14352.47
2026-09-13	14352.47
2026-09-14	14337.91
2026-09-15	14346.23
2026-09-16	14351.47
